;lexeme;ai1S;ai2S;ai3P;ai3S;fi1P;fi1S;fi2P;fi2S;fi3P;fi3S;ii1P;ii1S;ii2P;ii2S;ii3P;ii3S;inf;is1S;is3P;is3S;pI1P;pI2P;pI2S;pP;pc1P;pc1S;pc2P;pc2S;pc3P;pc3S;pi1P;pi1S;pi2P;pi2S;pi3P;pi3S;ppFP;ppFS;ppMP;ppMS;ps1P;ps1S;ps2P;ps2S;ps3P;ps3S
0;abaisser;;;;;;;;;;;;;;;;;;;;;;;;;;;;;;;;;;;;abEs;;;;;;;;;;
1;abandonner;;;;;abâdOn6rô;;;;;;;;;;;;abâdOnE;;;;;;abâdOn;;;;;;;;;;;;;;;;;abâdOnE;;;;;;
2;abattre;;;;;;;;;;;;;;;;;abatr;;;;;;;;;;;;;;;aba;;;;;;;;abaty;;;;;;
3;aboutir;;;;;;;;;;;;;;;;;abutir;;;;;;;;;;;;;;;;;;;;;;;;;;;;;
4;abriter;;;;;;;;;;;;;;;;abritE;;;;;;;;;;;;;;;;;;;;;;;;;;;;;;
5;abréger;;;;;;;;;;;;;;;;;abrEZE;;;;;;;;;;;;;;;;;;;;;;;;;;;;;
6;accepter;;;;;;;;;;;;;;;;;;;;;;;;aksEptâ;;;;;;;;;;;;aksEpt;;;;;;;;;;
7;accommoder;;;;;;;;;;;;;;;;;;;;;;;;;;;;;;;;;;;;akOmOd;;;;;;;;;;
8;accompagner;;;;;;;;;;;;;;;;;;;;;;;akôpaJ;;;;;;;;;;;;;;;;;;;akôpaJ;;;;
9;accomplir;;;;;;;;;;;;;;;;;akôplir;;;;;;;;;;;;;;;;;;;;;akôpli;;;;;;;;
10;accorder;;;;;;;;;;;;;;;;;;;;;;;akOrd;;;;;;;;;;;;;;;;;;;;;;;akOrd
11;accrocher;;;;;;;;;;;;;;;;;;;;;;;;;;;;;;;;;akrOSE;;;;;akrOSE;;;;;;;;
12;accueillir;;;;;;;;;;;;;;;;;;;;;;;;;;;;;;;;ak9j;;;;;;;;;;;;;;
13;accumuler;;;;;;;;;;;;;;;;;;;;;;;;;;;;;;;;;;;;;akymylE;;;;;;;;;
14;accuser;;;;;;;;;;;;;;;;;akyzE;;;;;;;;;;;;;;;;;;;;;;;;;;;;;
15;acheter;;;;;;;;;;;;;;;;;aS6tE;;;;;aS6tE;aSEt;;;;;;;;;aSEt;;;;aSEt;aS6tE;;;;;;;;;
16;achever;;;;;;;;;;;;;;;;;aS6vE;;;;;;;;;;;;;;;;;;;aSEv;;;;;;;;;;
17;adapter;;;;;;;;;;;;;;;;;;;;;;;;;;;;;;;;;;;;adapt;;;;;;;;;;
18;adjoindre;;;;;;;;;;;;;;;;;;;;;;;;;;;;;;;;;;;;;;;;adZwê;;;;;;
19;admettre;;;;;;;;;;;;;;;;;admEtr;;;;;;admE;admEtâ;;;;;;;;;;;;admE;;;;;;;;;;
20;admirer;;;;;;;;;;;;;;;;admirE;;;;;;;;;;;;;;;;;;;;admir;;;;;;;;;;
21;adopter;;;;;;;;;;;;;;;;adOptE;;;;;;;;;;;;;;;;;;;;;;;;adOptE;;;;;;
22;adorer;;;;;;;;;;;;;;adOrE;;;;;;;;;adOr;;;;;;;;;;;;;adOr;;;;;;;;;;
23;adoucir;;;;;;;;;;;;;;;;adusisE;adusir;;;;;;;;;;;;;;;;;;;;;;;;;;;;;
24;adresser;;;;;;;;;;;;;;;;adrEsE;adrEsE;;;;;;;;;;;;;;;;;;;;;;;;;;;;;adrEs
25;affaisser;;;;;;;;;;;;;;;;;;;;;;;;;;;;;;;;;;;;afEs;;;;;;;;;;
26;affecter;;;;;;;;;;;;;;;;;;;;;;;;;;;;;;;;;afEktE;;;;;;;;;;;;;
27;affirmer;;;;;;;;;;;;;;;;;;;;;;;afirm;;;;;;;;;;;;;;;;;;;;;;;
28;affliger;;;;;;;;;;;;;;;afliZE;;;;;;;;;;;;;;;;;;;;;;;;;;;;;;;
29;affronter;;;;;;;;;;;;;;;;;;;;;;;;;;;;;;;;;;;;afrôt;;;;;;;;;;
30;agacer;;;;;;;;;;;;;;;;;agasE;;;;;;;;;;;;;;;;;;;;;;;agasE;;;;;;
31;agenouiller;;;;;;;;;;;;;;;;;;;;;;;;;;;;;;;;;;;;aZ6nuj;;;;;;;;;;
32;aggraver;;;;;;;;;;;;;;;;;;;;;;;;;;;;;;;;;;;;agrav;;;;;;;;;;
33;agir;;;;aZi;;;;;;;;;;;;;;;;;;;;;;;;;;aZirE;;;;aZi;;aZi;;;;;;;;;;
34;agiter;;;;;;;;;aZit6rô;;;;;;;;aZitE;;;;;;;;;;;;;;;;;;;;;;;;;;;;;
35;aider;;;;;;Ed6rE;;;;;;;;;EdE;;EdE;;;;;EdE;Ed;;;;;;;;;Ed;EdE;;;Ed;;;;EdE;;Ed;;;;Ed
36;aimer;;;;;;Em6rE;;;Em6rô;;;EmE;EmjE;EmE;;EmE;EmE;;;;;EmE;Em;;Em6rjô;Em6rE;;Em6rE;;;Emô;Em;;Em;Em;Em;;EmE;;EmE;;Em;;Em;;Em
37;ajouter;;;;;;;;;;;;;;;;aZutE;;;;;;;aZut;;;;;aZut6rE;;;;;;;;;;;;aZutE;;;;;;aZut
38;aligner;;;;;;;;;;;;aliJE;;;;;;;;;;;;;;;;;;;;;;;;;;;;;;;;;;
39;aller;;;;ala;;;irE;;;ira;;alE;aljE;alE;;alE;alE;;;;alô;alE;va;;irjô;;;;;irE;alô;vE;alE;va;vô;va;;alE;;alE;;aj;;;;aj
40;allier;;;;;;;;;;;;;;;;;;;;;;;;;;;;;;;;;;;;;;;;aljE;;;;;;
41;allonger;;;;;;;;;;;;;;;;;alôZE;;;;;;;;;;;;;;;;;;;;;alôZE;;alôZE;;;;;;
42;allumer;;;;;;;;;;;;;;;;;;;;;;;;;;;;;;;;alym;alymE;;;;;;;;;;;;;
43;alléger;;;;;;;;;;alEZ6ra;;;;;;;;;;;;;;;;;;;;;;;;;;;;;;;;;;;;
44;amasser;;;;;;;;;;;;;;;;;;;;;;;;amasâ;;;;;;;;;;;;;;;;;;;;;;
45;amener;;;;;;;;;;;;;;;;;;;;;;;amEn;;;;;;;;;;;;;;;;;am6nE;;amEn;;amEn;;amEn
46;amuser;;;;;;;;;;;;;amyzjE;;;;amyzE;;;;;;;;;;;;;;;;;amyz;amyz;amyz;;;;;;;;;;amyz
47;animer;;;;;;;;;;;;;;;;;;;;;;;anim;;;;;;;;;;;;;;;;;;;;;;;
48;annoncer;;;;;;;;;;;;;;anôsE;;anôsE;;;;;;;;;;;;;;;;;;;;;;;;anôsE;;;;;;
49;annuler;;;;;;;;;;;;;;;;;anylE;;;;;;;;;;;;;;;;;;;;;;;;;;;;;
50;anéantir;;;;;;;;;;;;;;;;;;;;;;;;;;;;;;;;;;;;;;;anEâti;anEâti;;;;;;
51;apaiser;;;;;;;;;;;;;;;;;;;;;;;;;;;;;;;;;;;;apEz;;;;;;;;;;
52;apercevoir;;;;;;;;;;;;;;;;apErs6vE;apErs6vwar;;;;;;;;;;;apErs6vrE;;;;apErswa;;apErswa;;;;;apErsy;;;;;;;
53;aplanir;;;;;;;;;;;;;;;;;;;;;;;;;;;;;;;;;;;;;;;;aplani;;;;;;
54;apparaître;;;;;;;;;;;;;;;;;aparEtr;;;;;;;;;;;;;;;;;;;;;apary;apary;;;;;;;
55;apparenter;;;;;;;;;;;;;;;;aparâtE;;;;;;;;;;;;;;;;;;;;;;;;;;;;;;
56;appartenir;;;;;;;;;;;;;;;;apart6nE;;;;;;;;;;;;;;;;;;;;apartjê;;;;;;;;;;
57;appeler;;;;ap6la;;;;;;;;;;ap6lE;;ap6lE;ap6lE;;;;;ap6lE;apEl;;;;;;;;;apEl;ap6lE;apEl;;apEl;;;;ap6lE;;apEl;;;;apEl
58;applaudir;;;;aplOdi;;aplOdirE;;;;;;;;;;;;;;;;;;;;;;;;;;;;;;;;;;;;;;;;
59;appliquer;;;;;;;;;;;;;;;;;;;;;;;;;;;;;;;;;;;;aplik;;;;;;;;;;
60;apporter;;;;;;;;;;;;;;;;apOrtE;apOrtE;;;;;apOrtE;;;;;;;;;;apOrt;;;;apOrt;;;apOrtE;;;;;;;apOrt
61;apprendre;apri;apri;;;;;;;;;;;;;;apr6nE;aprâdr;;;;;;;;;;;;;;;;apr6nE;;;aprâ;;;;;;;;;;
62;apprivoiser;;;;;;;;;;;;;;;;;;;;;;;;;;;;;;;;aprivwaz;;;;;;;;;;;;;;
63;approcher;;;;;;;;;;;;;;;;aprOSE;aprOSE;;;;;aprOSE;;;;;;;;;;;aprOSE;;;aprOS;;;;;;;;aprOS;;
64;approuver;;;;;;;;;;;;;;;;;apruvE;;;;;;;;;;;;;;;apruv;;;;;;;;;;;;;;
65;apprécier;;;;;;;;;;;;;;;;;;;;;;;aprEsi;;;;;;;;;aprEsi;;;;;;;;;;;;;;
66;apprêter;;;;aprEta;;;;;;;;;;;;;;;;;;;;;;;;;;;;;;;;;;;;;;;;;;
67;appuyer;;;;;;;;;;;;;;;;;;;;;;;apHi;;;;;;;;;;;;;;;;;;;;;;;
68;arranger;;;;;;;;;arâZ6rô;;;;;;;arâZE;arâZE;;;;;;arâZ;;;;;;;arâZ6rE;;arâZ;;;;arâZ;;;;arâZE;;;;;;
69;arriver;;;;ariva;;;;;;ariv6ra;;arivE;;;arivE;arivE;arivE;;;;;;ariv;;;;;;;;;ariv;;;ariv;ariv;;arivE;;arivE;;ariv;;;;ariv
70;arrêter;;;;arEta;;;;;;arEt6ra;;;;arEtE;;arEtE;arEtE;;;;;arEtE;arEt;;;;;;;;;arEt;arEtE;arEt;;arEt;;;arEtE;arEtE;;arEt;;;;arEt
71;articuler;;;;artikyla;;;;;;;;;;;;;;;;;;;;;;;;;;;;;;;;;;;;;;;;;;
72;assaillir;;;;;;;;;;;;;;;;;;;;;;;;asajâ;;;;;;;;;;;;;;;;;;;;;;
73;asseoir;asi;asi;;asi;;;;;;;;;;;;asEjE;aswar;;;;;asEjE;asjE;;;;;;;;;asjE;asEjE;;;asjE,aswa;asiz;asiz;;;;;;;;
74;assombrir;;;;;;;;;;;;;;;;;;;;;;;;;;;;;;;;;;;;asôbri;;;;;;;;;;
75;assoupir;;;;;;;;;;;;;;;;;;;;;;;;;;;;;;;;;;;;;;;;asupi;;;;;;
76;assumer;;;;;;;;;;;;;;;;;asymE;;;;;;;;;;;;;;;;;;;;;;;;;;;;;
77;assurer;;;;;;;;;;;;;;;;;asyrE;;;;;;;;;;;;;;;;;;;asyr;;;;;;;;;;asyr
78;attaquer;;;;;;;;;;;;;;;;;;;;;;;atak;;;;;;;;;atak;;;;atak;;;;;;;;;atak;atak
79;atteindre;;;;;;;;;;;;;;;;;;;;;atEJô;;;;;;;;;;;;;;;atê;;;;atê;;;;;;
80;attendre;;;;atâdi;;atâdrE;;;;;atâdjô;atâdE;;atâdE;;atâdE;atâdr;;;;;atâdE;atâ;;;;;;;;atâdô;atâ;atâdE;atâ;atâd;atâ;;;;atâdy;;;;;;
81;attirer;;;;;;;;;;;;;;;;atirE;atirE;;;;;;;;;;;;;;;;;;;;;;;;;;;;;
82;attraper;;;;;;;;;;;;;;;;;atrapE;;;;;;;;;;;;;;;;;;;;;;;;;;;;;atrap
83;augmenter;;;;;;;;;;;;;;;;;OgmâtE;;;;;;;;;;;;;;;;;;;;;;;;;;;;;
84;autoriser;;;;;;;;;;;;;;;;;;;;;;;OtOriz;;;;;;;;;;;;;;;;;;;;;;;
85;avaler;;;;;;;;;;aval6ra;;;;;;;;;;;;;;;;;;;;;;;;;;;;;;;;;;;;
86;avancer;;;;avâsa;;;;;;;;;;;;;;;;;;;avâs;avâsâ;;;;;;;;;;;;avâs;;;;;;;;;;
87;avertir;;;;;;;;;;;;;;;;;avErtir;;;;;;;;;;;;;;;avErti;;avErti;;;;;;;;;;;;
88;aveugler;;;;;;;;;;;;;;;;;;;;;;;av9gl;;;;;;;;;;;;;;;;;;;;;;;
89;avoir;;;;y;Orô;OrE;OrE;Ora;Orô;Ora;avjô;avE;;avE;avE;avE;avwar;;;;;EjE;E;;;OrE;;;;;avô;E;avE;a;ô;a;;;y;y;;;EjE;;;
90;avouer;;;;;;;;;;;;;;;;;avuE;;;;;avuE;;;;;;;;;;;;;;;;;;;;;;;;
91;avérer;;;;;;;;;;;;;;;;;;;;;;;;;;;;;;;;;;;;avEr;;;;;;;;;;
92;badigeonner;;;;;;;;;;;;;;;;;;;;;;;;;;;;;;;;badiZOn;;;;;;;;;;;;;;
93;baigner;;;;;;;;;;;;;;;bEJE;;;;;;;;bEJ;;;;;;;;;;;;;bEJ;;;;;;;;;;
94;baiser;;;;;;;;;;;;;;;;;bEzE;;;;;;bEz;;;;;;;;;;;;;;;;;;;;;bEz;;
95;baisser;;;;;;;;;;;;;;;;;;;;;;;bEs;;;;;;;;;;;;;;;;;;;;;;;
96;balader;;;;;;;;;;;;;;;;;;;;;;;;;;;;;;;;;;;;;;;;;;;;balad;;
97;balancer;;;;;;;;;;;;;;;;;;;;;;;;;;;;;;;;balâs;;;;;;;;;;;;;;
98;balbutier;;;;balbysja;;;;;;;;;;;;;;;;;;;;;;;;;;;;;;;;;;;;;;;;;;
99;baptiser;;;;;;;;;;;;;;;;;batizE;;;;;;;;;;;;;;;;;;;;;;batizE;;;;;;;batiz
100;barrer;;;;;;;;;;;;;;;;;barE;;;;;;;;;;;;;;;;;;;;;;;;;;;;;
101;basculer;;;;;;;;;;;;;;;;;baskylE;;;;;;;;;;;;;;;baskyl;;;;;;;;;;;;;;
102;battre;;;;;;;;;;;;;;;;;batr;;;;;;;;;;;;;;;;;;;ba;;baty;;;;;;;;
103;bichonner;;;;;;;;;;;;;;;;;;;;;;;;biSOnâ;;;;;;;;;;;;;;;;;;;;;;
104;biffer;;;;;;;;;;;;;;;;;;;;;;;bif;;;;;;;;;;;;;;;;;;;;;;;
105;blasphémer;;;;;;;;;;;;;;;;;;;;;;;;;;;;;;;;;;;;blasfEm;;;;;;;;;;
106;blesser;;;;;;;;;;;;;;;;;blEsE;;;;;;;;;;;;;;;;;;;;;;;;;;;;;
107;bloquer;;;;;;;;;;;;;;;;;;;;;;;;;;;;;;;;;;;;;;;;blOkE;;;;;;
108;boire;;;;;;;;;;;;;;;;;bwar;;;;;;;;;;;bwarE;;;byvô;;;;;;;;;by;;;;;;
109;bosser;;;;;;;;;;;;;;;;;;;;;;;bOs;;;;;;;;;bOs;;bOs;;;;;;;;;;;;
110;boucher;;;;;;;;;;;;;;;;;buSE;;;;;;;;;;;;;;;;;;;;;;;;;;;;;
111;bouffer;;;;;;;;;;;;;;;;;bufE;;;;;;;;;;;;;;;;;;;;;;;bufE;;;;;;
112;bouger;;;;;;;;;;;;;;;;buZE;;;;;;;buZ;;;;;;;;;buZ;;;;buZ;;;;buZE;;;;;;
113;bouillir;;;;;;;;;;;;;;;;;;;;;;;;;;;;;;;;;;;;bu;;;;;;;;;;
114;bouleverser;;;;;;;;bul6vErs6ra;;;;;;;;;;;;;;;;;;;;;;;;;;;;;;;;;;;;;;
115;bourrer;;;;;;;;;;;;;;;;;;;;;;;;;;;;;;;;;;;;bur;;;;;;;;;;
116;bousculer;;;;;;;;;;;;;;;;;buskylE;;;;;;;buskylâ;;;;;;;;;;;;;;;;buskylE;;;;;;
117;bousiller;;;;;;;;;;;;;;buzijE;;;;;;;;;;;;;;;;;;;;;;;;;;;;;;;;
118;brandir;;;;;;;;;;;;;;;;;;;;;;;;brâdisâ;;;;;;;;;;;;;;;;;;;;;;
119;brasser;;;;;;;;;;;;;;;;;;;;;;;;;;;;;;;;;;;;;;;;brasE;;;;;;
120;bredouiller;;;;br6duja;;;;;;;;;;;;;;;;;;;;;;;;;;;;;;;;;;;;;;;;;;
121;briser;;;;;;;;;;;;;;;;brizE;;;;;;;;;;;;;;;;;;;;;;;brizE;;;;;;;
122;brosser;;;;;;;;;;;;;;;;;brOsE;;;;;;;;;;;;;;;;;;;;;;;;;;;;;
123;brûler;;;;;;;;;;;;;;;;;;;;;;brylE;bryl;;;;;;;;;bryl;;;;bryl;;;;brylE;;;;;;bryl
124;buter;;;;;;;;;;;;;;;;;;;;;;;;bytâ;;;;;;;;;;;;;;;;;;;;;;
125;bâtir;;;;;;;;;;;;;;;;;batir;;;;;;;;;;;;;;;;;;;;;bati;;;;;;;;
126;bénir;;;;;;;;;;;;;;;;;;;;;;;;;;;;;;;;;;;;;;;;bEni;;bEnis;;;;
127;bénéficier;;;;;;;;;;;;;;;bEnEfisjE;;;;;;;;;;;;;;;;;;;;;;;;;;;;;;;
128;cabosser;;;;;;;;;;;;;;;;;;;;;;;;;;;;;;;;;;;;;;;;kabOsE;;;;;;
129;caboter;;;;;;;;;;;;;;;;kabOtE;;;;;;;;;;;;;;;;;;;;;;;;;;;;;;
130;cacher;;;;;;;;;;;;kaSE;;;;;kaSE;;;;;;kaS;;;;;;;;;kaS;kaSE;;;;;;;;;kaS;;kaS;;kaS
131;cadenasser;;;;;;;;;;;;;;;;;;;;;;;;;;;;;;;;;;;;;;kad6nasE;;;;;;;;
132;calculer;;;;;;;;;;;;;;;;;kalkylE;;;;;;;;;;;;;;;;;;;;;;;;;;;;;
133;calmer;;;;;;;;;;kalm6ra;;;;;;;kalmE;;;;;kalmE;;;;;;;;;;;kalmE;;;kalm;;;;;;kalm;;;;kalm
134;carder;;;;;;;;;;;;;;;;;;;;;;;;;;;;;;;;;;;;;;;;kardE;;;;;;
135;caresser;;;;;;;;;;;;;;;;;karEsE;;;;;;;;;;;;;;;;;;;;;;;;;;;;;karEs
136;casser;;;;;;;;;;;;;;;;;;;;;;;kas;;;;;;;;;kas;;;;kas;;;;kasE;;kas;;;;kas
137;causer;;;;;;;;;;;;;;;;kOzE;;;;;;;;kOzâ;;;;;;;;kOz;;;;;;kOzE;;;;;;;;
138;cerner;;;;;;;;;;;;;;;;;;;;;;;;;;;;;;;;;;;;;;;;sErnE;;;;;;
139;cesser;;;;;;;;;;;;;;;;;;;;;;sEsE;;;;;;;;;;sEs;sEsE;;;;;;;sEsE;;;;;;
140;changer;;;;;;;;;;;;;;;;;SâZE;;;;;;SâZ;;;;;;;;;;SâZE;;;SâZ;;;;SâZE;;SâZ;;;;
141;chanter;;;;;;;;;;;;;;;SâtE;;SâtE;;;;;;Sât;;;;;;;;;;;;;Sât;;;;;;;;;;
142;chantonner;;;;;;;;;;;;;;;;;SâtOnE;;;;;;;;;;;;;;;;;;;;;;;;;;;;;
143;charger;;;;;;;;;;;;;;;;;;;;;;;;;;;;;;;;SarZ;;;;;;;;SarZE;;SarZ;;;;SarZ
144;charrier;;;;;;;;;;;;;;;;;;;;;;;;;;;;;;;;Sari;;;;;;;;;;;;;;
145;chasser;;;;Sasa;;;;;;;;;;;;;;;;;;;Sas;;;;;;;;;;;;;Sas;;;;;;;;;;
146;chauffer;;;;;;;;;;;;;;;;;SOfE;;;;;;;;;;;;;;;;;;;;;;;;;;;;;
147;chavirer;;;;;;;;;;;;;;;;;;;;;;;;;;;;;;;;;;;;;;;;SavirE;;;;;;
148;chercher;;;;;;;;;;;;SErSE;;;;;SErSE;;;;;SErSE;SErS;;SErS6rjô;SErS6rE;;;;;;SErS;SErSE;SErS;;;;SErSE;;;;SErS;;;;SErS
149;chier;;;;;;;;;;;;;;;;;SjE;;;;;;;;;;;;;;;Si;;;;;;;;;;;;;;
150;choir;;;;;;;;;;;;;;;;;Swar;;;;;;;;;;;;;;;;;;;;;;;;;;;;;
151;choisir;;;;;;;;;;;;;;;;;Swazir;;;;;SwazisE;Swazi;;;;;;;;;;;Swazi;;;;;;Swazi;;;;;;
152;chuchoter;;;;SySOta;;;;;;;;;;;;;;;;;;;SySOt;SySOtâ;;;;;;;;;;;;SySOt;;;;;;;;;;
153;chuter;;;;;;;;;;;;;;;;;;;;;;;;;;;;;;;;Syt;;;;;;;;;;;;;;
154;claquer;;;klakEr;;;;;;;;;;;;;;;;;;;;;;;;;;;;;klak;;;;klak;;;;;;;;;;
155;cogiter;;;;;;;;;;;;;;;;;kOZitE;;;;;;;;;;;;;;;;;;;;;;;;;;;;;
156;cogner;;;;;;;;;;;;;;;;;kOJE;;;;;;;;;;;;;;;;;;;kOJ;;;;;;;;;;
157;coincer;;;;;;;;;;;;;;;;;;;;;;kwêsE;;;;;;;;;;;;;;;;kwêsE;;;;;;;;
158;collaborer;;;;;;;;;;;;;;;;;kOlabOrE;;;;;;;;;;;;;;;;;;;;;;;;;;;;;
159;coller;;;;;;;;;;;;;;;;kOlE;;;;;;;;;;;;;;;;;;;;;;;;kOlE;;;;;;
160;colporter;;;;;;;;;;;;;;;;kOlpOrtE;;;;;;;;;;;;;;;;;;;;;;;;;;;;;;
161;combattre;;;;;;;;;;;;;;;;;;;;;;;;;;;;;;;;;;;;;;;;kôbaty;;;;;;
162;commander;;;;;;;;;;;;;;;;;kOmâdE;;;;;;kOmâd;;;;;;;;;kOmâd;;;;kOmâd;;;;;;;;;;kOmâd
163;commencer;;;;kOmâsa;;;;;;;;;;;;kOmâsE;kOmâsE;;;;;;kOmâs;;;;;;;;;kOmâs;kOmâsE;kOmâs;kOmâs;kOmâs;;;;kOmâsE;;;;kOmâs;;kOmâs
164;commettre;;;;;;;;;;;;;;;;;;;;;;;kOmE;;;;;;;;;;;;;;;;;;;;;;;
165;comparer;;;;;;;;;;;;;;;;;kôparE;;;;;;;;;;;;;;;;;;;;;;;;;;;;;
166;complimenter;;;;;;;;;;;;;;;;;;;;;;;;;;;;;;;;kôplimât;;;;;;;;;;;;;;
167;comporter;;;;;;;;;;;;;;;;;;;;;;;;;;;;;;;;;;;;kôpOrt;;;;;;;;;;
168;comprendre;kôpri;kôpri;;kôpri;;;;;;;;kôpr6nE;;kôpr6nE;;;kôprâdr;;;;;kôpr6nE;kôprâ;;;;;;;;;kôprâ;kôpr6nE;kôprâ;;kôprâ;kôpriz;;;;;;;;;
169;compter;;;;;;;;;;;;;;;;;;;;;;kôtE;kôt;;;;;;;;;kôt;kôtE;;kôt;kôt;;;;;;;;kôt;;
170;concerner;;;;;;;;;;;;;;;;kôsErnE;;;;;;;kôsErn;;;;;;;;;kôsErn;;;;kôsErn;;;;;;;;;;
171;concevoir;;;;;;;;;;;;kôs6vE;;;;;;;;;;;;;;;;;;;;;;;;;;;;;;;;;;
172;conclure;;;;kôkly;;;;;;;;;;;;;;;;;;;;;;;;;;;;;;;;;;;kôkly;;;;;;;
173;condamner;;;;kôdana;;;;;;;;;;;;kôdanE;;;;;;;;;;;;;;;;;;;;;kôdanE;;;;;;;;;
174;conduire;;;;;;;;;;;;;;;;kôdHizE;;;;;;;;;;;;;;;;kôdHi;;;kôdHiz;kôdHi;;;;kôdHi;;;;;;
175;confesser;;;;;;;;;;;;;;;;;;;;;;;;;;;;;;;;;;;;kôfEs;;;;;;;;;;
176;confirmer;;;;;;;;;;;;;;;;;kôfirmE;;;;;;kôfirm;;;;;;;;;;;;;kôfirm;;;;;;;;;;
177;confondre;;;;;;;;;;;;;;kôfôdE;kôfôdE;kôfôdE;;;;;;;;;;;;;;kôfôdrE;;;;;;;;;;;;kôfôd;;;;
178;congédier;;;;;;;;;;;;;;;;;;;;;;;;;;;;;;;;;;;;;kôZEdjE;;;;;;;;;
179;connaître;;;;;;;;;;;;;kOnEsjE;kOnEsE;;kOnEsE;kOnEtr;;;;kOnEsô;kOnEsE;kOnE;;;;;;;;;kOnE;kOnEsE;kOnE;kOnEs;kOnE;;;;kOny;;;kOnEsjE;;;
180;consacrer;;;;;;;;;;;;;;;;kôsakrE;;;;;;;;;;;;;;;;;;;;;;;;;;;;;;
181;consentir;;;;;;;;;;;;;;;;;;;;;;;;;;;;;;;;;;;;kôsâ;;;;;;;;;;
182;considérer;;;;;;;;;;;;;;;;;kôsidErE;;;;;kôsidErE;kôsidEr;;;;;;;;;;;;;kôsidEr;kôsidErE;;;kôsidErE;;;;;;
183;consister;;;;;;;;;;;;;;;;;;;;;;;;;;;;;;;;;;;;;;;;;;;;;;kôsist
184;consoler;;;;;;;;;;;;;;;;;;;;;;;kôsOl;;;;;;;kôsOl6rE;;;;;;;;;;;;;;;;
185;consommer;;;;;;;;;;;;;;;;;kôsOmE;;;;;;;;;;;;;;;;;;;;;;;;;;;;;
186;constater;;;;;;;;;;;;;;;;;;;;;;;kôstat;kôstatâ;;;;;;;;kôstat;;;;;;;;;;;;;;
187;constituer;;;;;;;;;;;;;;;kôstityE;;;;;;;;;;;;;;;;;;;;;;;;;;;;;;;
188;construire;;;;;;;;;;;;;;;;;kôstrHir;;;;;;;;;;;;;;;;;;kôstrHiz;kôstrHi;;;;kôstrHi;;;;;;
189;consulter;;;;;;;;;;;;;;;;;;;;;;kôsyltE;;;;;;;;;;;;;;;;;;kôsyltE;;;;;;
190;contempler;;;;;;;;;;;;;;;;;;;;;;;;;;;;;;;;;;;;kôtâpl;;;;;;;;;;
191;contenir;;;;;;;;;;;;;;;;;;;;;;;;;;;;;;;;;;;;;;;;;;kôtjEn;;;;
192;contenter;;;;;;;;;;;;;;;;;;;;;;;;;;;;;;;;;;;;;;;;kôtâtE;;;;;;
193;conter;;;;;;;;;;;;;;;;;;;;;;;;;;;;;;;;;;;;;;;;;;;;;kôt;
194;continuer;;;;;;;;;;kôtinyra;;;;;;kôtinyE;kôtinyE;;;;;;kôtiny;;;;;;;;kôtinyô;;kôtinyE;;;;;;;kôtinyE;;;;kôtiny;;kôtiny
195;contredire;;;;;;;;;;;;;;;;;kôtr6dir;;;;;;;;;;;;;;;;;;;;;;;;;;;;;
196;contrer;;;;;;;;;;;;;;;;;;;;;;;;;;;;;;;;kôtr;;;;;;;;;;;;;;
197;contrôler;;;;;;;;;;;;;;;;kôtrOlE;kôtrOlE;;;;;;;;;;;;;;;;;;;;;;kôtrOlE;;;;;;;kôtrOl
198;convaincre;;;;;;;;;;;;;;;;;kôvêkr;;;;;;;;;;;;;;;;;kôvê;;;;;;kôvêky;;;;;;
199;convenir;;;;;;;;;;;;;;;;;;;;;;;;;;;;;;;;;;;;kôvjê;;;;;;;;;;
200;convertir;;;;;;;;;;;;;;;;;;;;;;;;;;;;;;;;;;;;;;;;kôvErti;;;;;;
201;convoquer;;;;;;;;;;;;;;;;;;;;;;;;;;;;;;;;;;;;;;;kôvOkE;;;;;;;
202;coopérer;;;;;;;;;;;;;;;;;kOOpErE;;;;;;;;;;;;;;;;;;;;;;;;;;;;;
203;corser;;;;;;;;;;;;;;;;;;;;;;;;;;;;;;;;;;;;;;kOrsE;;;;;;;;
204;coter;;;;;;;;;;;;;;;;;;;;;;;;;;;;;;;;;;;;;;;;kOtE;;;;;;
205;coucher;;;;;;;;;;;;kuSE;;kuSE;;kuSE;kuSE;;;;;;kuS;;;;;;;;;kuS;;;;kuS;;;;;;;;;;kuS
206;coudre;;;;;;;;;;;;;;;;;;;;;;;;;;;;;;;;;;;;;;;kuzy;;;;;;;
207;couler;;;;;;;;;;;;;;;;kulE;;;;;;;kul;;;;;;;;;kul;;;;;;;;kulE;;;;;;kul
208;couper;;;;;;;;;;;;;;;;kupE;;;;;;;;;;;;;;;;;;;;;;;;kupE;;kup;;;;
209;courir;;;;;;;;;;;;;;;;;;;;;;;;;;;;;;;;;;kur;kur;;;;;;;;;;;
210;courtiser;;;;;;;;;;;;;;kurtizE;;;;;;;;;;;;;;;;;;;;;;;;;;;;;;;;
211;couvrir;;;;;;;;;;kuvrira;;;;;;kuvrE;;;;;;;;;;;;;;;;;;;;;;;;;;;;;;
212;coïncider;;;kOêsidEr;;;;;;;;;;;;;;;;;;;;;;;;;;;;;;;;;;;;;;;;;;;
213;coûter;;;;;;;;;;;;;;;;;;;;;;;kut;;;;;;;;;kut;;;kut;kut;;;;;;;;;;
214;cracher;;;;;;;;;;;;;;;;;;;;;;;kraS;;;;;;;;;;;;;;;;;;;;;;;
215;craindre;;;;;;;;;;;;;;;;;;;;;;;krê;;;;krêdriE;;;;;krê;;krê;;krê;;;;krê;;;;;;
216;cramer;;;;;;;;;;;;;;;;;kramE;;;;;;;;;;;;;;;;;;;;;;;;;;;;;
217;craquer;;;;;;;;;;;;;;;;;;;;;;;;;;;;;;;;krak;;;;;;;;krakE;;;;;;
218;creuser;;;;;;;;;;;;;;;;;;;;;;;;;;;;;;;;;;;;;kr6zE;;;;;;;;;
219;crever;;;;;;;;;;;;;;;;;;;;;;;krEv;;;;;;;;;;;;;;;;;;;;;;;
220;crier;;;;krja;;;;;;;;;;;;;kriE;;;;;;kri;kriâ;;;;;;;;kri;;kri;;;;;;;;;;kri;;
221;croire;;;;;;;;;;;;krwajE;;krwajE;;krwajE;krwar;;;;;krwajE;krwa;;;;;;;krwarE;;krwa;krwajE;krwa;;krwa;;;;kry;;;;;;
222;croître;;;;;;;;;;;;;;;;;;;;;;;;;;;;;;;;;;;krwas;;;;;;;;;;;
223;créer;;;;;;;;;;;;;;;;;;;;;;;krE;;;;;;;;;;;;;;krEE;;;;;;;;;
224;cueillir;;;;;;;;;;;;;;;;;k6jir;;;;;;;;;;;;;;;;;;;k9j;;;;k6ji;;;;;;
225;céder;;;;;;;;;;;;;;;;;sEdE;;;;;;;;;;;;;;;sEd;;;;;;;;sEdE;;;;;;
226;célébrer;;;;;;;;;;;;;;;;;;;;;sElEbrô;;sElEbr;;;;;;;;;;;;;;;;;;;;;;;
227;damer;;;;;;;;;;;;;;;;;;;;;;;;;;;;;;;;;;;;dam;;;;;;;;;;
228;danser;;;;;;;;;;;;;;dâsE;;;dâsE;;;;;;dâs;;;;;;;;;dâs;;;;;;;;dâsE;;;;dâs;;dâs
229;dater;;;;;;;;;;;;;;;;;;;;;;;;;;;;;;;;dat;;;dat;;;;;;;;;;;
230;demander;d6mâdE;;d6mâdEr;;;;;;;;;;;d6mâdE;;;d6mâdE;;;;;;d6mâd;;;;;;;;;d6mâd;d6mâdE;;;d6mâd;;;d6mâdE;d6mâdE;;d6mâd;;;;d6mâd
231;demeurer;;;;;;;;;;;;;;;;d6m6rE;;;;;;;d6m9r;;;;;;;;;;;;;;;;;;;;;;;
232;descendre;;;;dEsâdi;;;;;;;;;;;;;dEsâdr;;;;dEsâdô;;dEsâ;;;;;;;;;dEsâ;;dEsâ;dEsâd;dEsâ;;;dEsâdy;;;;;;;
233;devenir;;;;d6vê;;;;d6vjêdra;;d6vjêdra;;d6v6nE;;;;d6v6nE;d6v6nir;;;;;;;;;;;;;;;;;d6vjê;;d6vjê;d6v6ny;d6v6ny;;d6v6ny;;d6vjEn;;;;
234;deviner;;;;;;;;;;;;;;;;d6vinE;;;;;;;d6vin;;;;;;;;;;;;;;;;;;;;;;;
235;devoir;;;;dy;;;d6vrE;;d6vrô;d6vra;;d6vE;;;;d6vE;;;;;d6vô;d6vE;dwa;d6vâ;;d6vrE;d6vriE;d6vrE;;d6vrE;d6vô;dwa;d6vE;dwa;dwav;dwa;;;;dy;;;;;dwav;dwav
236;dicter;;;;;;;;;;;;;;;;;;;;;;;dikt;;;;;;;;;dikt;;;;;;;;;;;;;;
237;diffuser;;;;;;;;;;;;;;;;;;;;;;;;;;;;;;;;;;;;;;difyzE;;;;;;;;
238;dire;di;;;di;;dirE;;;;dira;;dizE;;dizE;;dizE;dir;;;;dizô;dit;di;;;;;dirE;;dirE;dizô;di;dit;di;diz;di;dit;;;di;;diz;;;diz;diz
239;diriger;;;;;;;;;;;;diriZE;;;;;;;;;;;;;;;;;;;;diriZ;;;;diriZ;;;;;;;;;;
240;discerner;;;;;;;;;;;;;;;;;;;;;;;;;;;;;;;;disErn;;;;;;;;;;;;;;
241;discipliner;;;;;;;;;;;;;;;disiplinE;;;;;;;;;;;;;;;;;;;;;;;;;;;;;;;
242;discuter;;;;;;;;;;diskyt6ra;;;;;;;;;;;;;;;;;;;;;;;;;;;;;;;;;;;;
243;disparaître;;;;dispary;;;;;;;;;;;;;disparEtr;;;;;;;;;;;;;;;;;;disparEs;;;dispary;;dispary;;disparEs;;;;
244;disposer;;;;;;;;;;;;;;;;dispOzE;;;;;;;;;;;;;;;;;;;;dispOz;;;;;;;;;;
245;disputer;;;;;;;;;;;;;;;;;;;;;;;;dispytâ;;;;;;;;;;;;;;;;;;;;;;
246;dissimuler;;;;;;;;;;;;;;disimylE;;;;;;;;;;;;;;;;;;disimyl;;;;;;;;;;;;;;
247;dissiper;;;;;;;;;;;;;;;;;;;;;;;;disipâ;;;;;;;;;;;;;;;;;;;;;;
248;distiller;;;;;;;;;;;;;;;;;distilE;;;;;;;;;;;;;;;;;;;;;;;;;;;;;
249;distinguer;;;;;;;;;;;;;;;;;distêgE;;;;;;;;;;;;;;;;;;;;;;;distêgE;;;;;;
250;distraire;;;;;;;;;;;;;;;;;;;;;;;;;;;;;;;;;;;;;;;;distrE;;;;;;
251;divorcer;;;;;;;;;;;;;;;;;divOrsE;;;;;;;;;;;;;;;;;;;;;;;;;;;;;
252;dominer;;;;;;;;;;;;;;;;;;;;;;;;;;;;;;;;;;;;dOmin;;;;;;;;;;
253;donner;;;;dOna;;;;;dOn6rô;;;;;;dOnE;dOnE;dOnE;;;;;dOnE;dOn;;;;;;;;;dOn;;dOn;;dOn;dOnE;dOnE;;dOnE;;dOn;;;dOn;dOn
254;dormir;;;;dOrmi;;;;;;;;;;;dOrmE;;dOrmir;;;;;dOrmE;;;;;;;;;;dOr;;dOr;;dOr;;;;;;;;;dOrm;
255;doubler;;;;;;;;;;;;;;;;;dublE;;;;;;;;;;;;;;;;;;;;;;;;;;;;;
256;douer;;;;;;;;;;;;;;;;;;;;;;;;;;;;;;;;;;;;;;duE;;;;;;;;
257;douter;;;;;;;;;;;;;;;;;;;;;;dutE;dut;;;;;;;;;dut;;;;dut;;;;;;;;;;
258;dresser;;;;;;;;;;;;;;;;;drEsE;;;;;;;;;;;;;;;;;;;;;;;;;;;;;
259;droguer;;;;;;;;;;;;;;;;;;;;;;;;;;;;;;;;;drOgE;;;;;;;;;;;;;
260;durer;;;;;;;;;;;;;;;;dyrE;;;;;;;;;;;;;;;;dyr;;;;dyr;;;;;;;;;;
261;dynamiter;;;;;;;;;;;;;;;;;dinamitE;;;;;;;;;;;;;;;;;;;;;;;;;;;;;
262;débarquer;;;;;;;;;;;;;;;;;;;;;;;;;;;;;;;;;;;;dEbark;;;;;;;;;;
263;débarrasser;;;;;;;;;;;;;;;;;dEbarasE;;;;;;dEbaras;;;;;;;;;;;;;;;;;;;;;;;
264;déborder;;;;;;;;;;;;;;;;;;;;;;;;dEbOrdâ;;;;;;;;;;;;;;;;dEbOrdE;;;;;;
265;déboucher;;;;;;;;;;;;;;;;;dEbuSE;;;;;;;;;;;;;;;;;;;;;;;;;;;;;
266;déboutonner;;;;;;;;;;;;;;;;;;;;;;;;;;;;;;;;;;;;;;dEbutOnE;;;;;;;;
267;débrouiller;;;;;;;;;;;;;;;;;dEbrujE;;;;;;;;;;;;;;;;;;;;;;;;;;;;;
268;déchaîner;;;;;;;;;;;;;;;;dESEnE;;;;;;;;;;;;;;;;;;;;;;;;;;;;;;
269;déchirer;;;;;;;;;;;;;;;;;;;;;;;;dESirâ;;;;;;;;;;;;;;;;;;;;;;
270;décider;;;;;;;;;;;;;;;;;dEsidE;;;;;;;;;;;;;;;dEsid;;dEsid;;;;;;dEsidE;;;;;;dEsid
271;décimer;;;;;;;;;;;;;;;;;;;;;;;;;;;;;;;;;;;;;;;;dEsimE;;;;;;
272;déclarer;;;;;;;;;;;;;;;;;;;;;;;;;;;;;;;;;;;;;;;;dEklarE;;;;;;
273;déclencher;;;;dEklâSa;;;;;;;;;;;;;;;;;;;;;;;;;;;;;;;;;;;;;;;;;;
274;décliner;;;;;;;;;;;;;;;;dEklinE;;;;;;;;;;;;;;;;;;;;;;;;;;;;;;
275;décoller;;;;;;;;;;;;;;dEkOlE;;;;;;;;;;;;;;;;;;;;;;;;;;;;;;;;
276;déconner;;;;;;;;;;;;;;;;;;;;;;;;;;;;;;;;dEkOn;;;;;;;;;;;;;;
277;déconseiller;;;;;;;;;;;;;;;;;;;;;;;;;;;;;;;;;;;;;;;;dEkôsEjE;;;;;;
278;décorer;;;;;;;;;;;;;;;;;;;;;;;;;;;;;;;;;;;;;;dEkOrE;;;;;;;;
279;décortiquer;;;;;;;;;;;;;;;;;;;;;;;;;;;;;;;;;;;;dEkOrtik;;;;;;;;;;
280;découcher;;;;;;;;;;;;;;;;;;;;;;;;;;;;;;;;;;dEkuS;;;;;;;;;;;;
281;découper;;;;;;;;;;;;;;;;;;;;;;;;dEkupâ;;;;;;;;;;;;;;;;;;;;;;
282;décourager;;;;;;;;;;;;;;;;;dEkuraZE;;;;;;;;;;;;;;;;;;;;;;;;;;;;;
283;découvrir;;;;;;;;;;;;;;;;dEkuvrE;dEkuvrir;;;;;;dEkuvr;dEkuvrâ;;;;;;;;;;;;;;;;;;;;;;
284;décrire;;;;;;;;;;;;;;;;;;;;;;;;;;;;;;;;;dEkrivE;;;;;;;;;;;;;
285;décroiser;;;;;;;;;;;;;;;;;;;;;;;dEkrwaz;;;;;;;;;;;;;;;;;;;;;;;
286;dédier;;;;;;;;;;;;;;;;;;;;;;;;;;;;;;;;dEdi;;;;;;;;;;;;;;
287;défaire;;;;;;;;;;;;;;;;;;;;;;;;;;;;;;;;;;;;dEfE;;;;;;;;;;
288;défendre;;;;;;;;;;;;;;;;;dEfâdr;;;;;;;;;;;;;;;;;;;;;;;;;;;;;
289;défiler;;;;;;;;;;;;;;;;dEfilE;dEfilE;;;;;;;;;;;;;;;dEfil;;;;;;;;;;;;;;
290;défoncer;;;;;;;;;;;;;;;;;;;;;;;;;;;;;;;;;;;;dEfôs;;;;;;;;;;
291;dégager;;;;;;;;;;;;;;;;;;;;;;dEgaZE;dEgaZ;;;;;;;;;dEgaZ;dEgaZE;;;dEgaZ;;;;;;;;;;dEgaZ
292;dégainer;;;;;;;;;;;;;;;;;dEgEnE;;;;;;;;;;;;;;;;;;;;;;;;;;;;;
293;dégoter;;;;;;;;;;;;;;;;;;;;;;;;;;;;;;;;dEgOt;;;;;;;;;;;;;;
294;dégouliner;;;;;;;;;;;;;;;;;;;;;;;;;;;;;;;;;;;;dEgulin;;;;;;;;;;
295;dégoûter;;;;;;;;;;;;;;;;dEgutE;;;;;;;;;;;;;;;;;;;;;;;;;;;;;;
296;déguster;;;;;;;;;;;;;;;;;;;;;;;;;;;;;;;;dEgyst;;;;;;;;;;;;;;
297;déjeuner;;;;;;;;;;;;;;;;;dEZ6nE;;;;;;;;;;;;;;;dEZ9n;;;;;;;;;;;;;;
298;délivrer;;;;;;;;;;;;;;;;;dElivrE;;;;;;;;;;;;;;;;;;;;;;;;;;;;;
299;démarrer;;;;;;;;;;;;;;;;;dEmarE;;;;;;;;;;;;;;;;dEmarE;;;;;;;;;;;;;
300;démontrer;;;;;;;;;;;;;;;;;;;;;;;;;;;;;;;;;;;;;;;;dEmôtrE;;;;;;
301;dénoncer;;;;;;;;;;;;;;;;;dEnôsE;;;;;;;;;;;;;;;;;;dEnôs;dEnôs;;;;;;;;;;
302;dénuder;;;;;;;;;;;;;;;;;dEnydE;;;;;;;;;;;;;;;;;;;;;;;;;;;;;
303;dépasser;;;;;;;;;;;;;;;;;;;;;;;dEpas;;;;;;;;;;;;;;;;;;;;;;;
304;dépendre;;;;;;;;;;;;;;;;dEpâdE;;;;;;;;;;;;;;;;;;dEpâ;;;;;;;;;;;;
305;dépenser;;;;;;;;;;;;;;;;;dEpâsE;;;;;;;;;;;;;;;;;;;;;;;dEpâsE;;;;;;
306;déplacer;;;;;;;;;;;;;;;;dEplasE;;;;;;;dEplas;;;;;;;;;;;;;;;dEplasE;;;;;;;;dEplas
307;déplaire;;;;;;;;;;;;;;;;dEplEzE;;;;;;;;;;;;;;;;;;;;;;;;;;;;;;
308;déplorer;;;;;;;;;;;;;;;;;;;;;;;;;;;;;;;;dEplOr;;;;;;;;;;;;;;
309;déposer;;;;dEpOza;;;;;;;;;;;;;;;;;;;dEpOz;;;;;;;;;;;;;;;;;;;;;;;
310;dépêcher;;;;;;;;;;;;;;;;;;;;;;;dEpES;;;;;;;;;dEpES;;;;;;;;;;;;;;
311;dérailler;;;;;;;;;;;;;;;;;dErajE;;;;;;;;;;;;;;;;;;;;;;;;;;;;;
312;déranger;;;;;;;;;;;;;;;;;dErâZE;;;;;;dErâZ;;;;;;;;;;;;;dErâZ;;;;;;;;;;
313;dériver;;;;;;;;;;;;;;;;;;;;;;;;;;;;;;;;;;;;dEriv;;;;;;;;;;
314;dérouler;;;;;;;;;;;;;;;;;;;;;;;;;;;;;;;;;;;;;;;;dErulE;;;;;;
315;désamorcer;;;;;;;;;;;;;;;;;dEzamOrsE;;;;;;;;;;;;;;;;;;;;;;;;;;;;;
316;désespérer;;;;;;;;;;;;;;;;;dEzEspErE;;;;;;;;;;;;;;;;;;;;;;;;;;;;;
317;désigner;;;;;;;;;;;;;;;;;;;;;;;;dEziJâ;;;;;;;;dEziJ;;;;;;;;dEziJE;;;;;;
318;désirer;;;;;;;;;;;;;;;;dEzirE;;;;;;;;;;;;;;dEzir6rE;;dEzir;;dEzir;dEzir;;;;;;;;;;;
319;désoler;;;;;;;;;;;;;;;;;;;;;;;;;;;;;;;;;;;;;;dEzOlE;;dEzOlE;;;;;;
320;détacher;;;;;;;;;;;;;;;;dEtaSE;;;;;;;;;;;;;;;;dEtaS;;;;;;;;;;;;;;
321;détendre;;;;;;;;;;;;;;;;;;;;;;dEtâdE;;;;;;;;;;;;;;;;;;dEtâdy;;;;;;
322;détester;;;;;;;;;;;;;;;;;;;;;;;dEtEst;;;;;;;;;dEtEst;;;;;;;;;;dEtEst;;dEtEst;;dEtEst
323;détourner;;;;;;;;;;;;;;;;;;;;;;;dEturn;;;;;;;;;;;;;;;;;;;;;;;
324;détruire;;;;;;;;;;;;;;;;;dEtrHir;;;;;;;;;;;;;;;;;;;;;dEtrHit;;;;;;;;
325;développer;;;;;;;;;;;;;;;;;;;;;;;;;;;;;;;;;;;;;;dEv6lOpE;;;;;;;;
326;déverser;;;;;;;;;;;;;;;;;;;;;;;;;;;;;;;;;;;dEvErs;;;;;;;;;;;
327;dévier;;;;;;;;;;;;;;;;;;;;;;;;;;;;;;;;;;;;;;dEvjE;;;;;;;;
328;dévoiler;;;;;;;;;;;;;;;;;;;;;;;;;;;;;;;;;;;;;;;dEvwalE;;;;;;;
329;dévorer;;;;;;;;;;;;;;;;;dEvOrE;;;;;;;;;;;;;;;;;;;;;;;;;;;;;
330;dîner;;;;dina;;;;;;;;;;;;;dinE;;;;;;;;;;;;;;;din;;;;;;;;;;;;;;
331;effacer;;;;;;;;;;;;;;;;;;;;;;;;;;;;;;;;;;;;Efas;;;;;;;;;;
332;emballer;;;;;;;;;;;;;;;;;âbalE;;;;;;;;;;;;;;;;;âbal;;âbal;;;;;;;;;;
333;embarrasser;;;;;;;;;;;;;;;;;;;;;;;;;;;;;;;;;;;;;âbarasE;;;;;;;;;
334;embaucher;;;;;;;;;;;;;;;;;;;;;;;;;;;;;;;;;;;;;;âbOSE;;âbOSE;;;;;;
335;embrasser;;;;âbrasa;;;;;;;;âbrasE;;;;;âbrasE;;;;;;;;;;;;;;;âbras;;;;;;;;;;âbras;;;;âbras
336;embêter;;;;;;;;;;;;;;;;;âbEtE;;;;;;âbEt;;;;;;;;;;;;;âbEt;;;;;;;;;;
337;emmener;;;;;;;;;;;;;;;;;âm6nE;;;;;âm6nE;;;;;;;;;;âmEn;;;;;;âm6nE;;âm6nE;;;;;;âmEn
338;emmerder;;;;;;;;;;;;;;;;;;;;;;;;;;;;;;;;âmErd;;;;âmErd;;;;;;;;;;
339;emplir;;;;;;;;;;;;;;;;;âplir;;;;;;;;;;;;;;;;;;;;;;;;;;;;;
340;employer;;;;;;;;;;;;;;;;;;;;;;;;âplwajâ;;;;;;;;âplwa;;;;;;;;;;;;;;
341;emporter;;;;;;;;;;;;;;;;;;;;;;;;âpOrtâ;;;;;;;;âpOrt;;;âpOrt;;;âpOrtE;;;;;;;;âpOrt
342;empresser;;;;âprEsa;;;;;;;;;;;;;;;;;;;;;;;;;;;;;;;;;;;;;;;;;;
343;emprunter;;;;;;;;;;;;;;;;;;;;;;;;;;;;;;;;;;;;;;;;âprûtE;;;;;;
344;empêcher;;;;;;;;;;;;;;;;;;;;;;;âpES;âpESâ;;;;;;;;;;;;âpES;;;;âpESE;;;;;;
345;enchanter;;;;;;;;;;;;;;;;;;;;;;;;;;;;;;;;;;;;;;;;âSâtE;;;;;;
346;encourager;;;;;;;;;;;;;;;;;;;;;;;;;;;;;;;;;;;;âkuraZ;;;;;;;;;;
347;enculer;;;;;;;;;;;;;;;;;;;;;;;;;;;;;;;;;;;;âkyl;;;;;;;;;;
348;endormir;;;;;;;;;;;;;;;;;âdOrmir;;;;;;;;;;;;;;;;;;;;;;âdOrmi;;;;;;;
349;enfanter;;;;;;;;;;;;;;;;;;;;;;;;;;;;;;;;;;;;;;;;âfâtE;;;;;;
350;enfermer;;;;;;;;;;;;;;;;âfErmE;;;;;;;;;;;;;;;;;;;âfErm;âfErm;;;;âfErmE;;;;;;
351;enfiler;;;;;;;;;;;;;;;;;;;;;;;;;;;;;;;;âfil;;;;;;;;;;;;;;
352;enfoncer;;;;;;;;;;;;âfôsE;;;;;âfôsE;;;;;;âfôs;;;;;;;;;;;;;;;;;âfôsE;;;;;;
353;enfourcher;;;;;;;;;;;;;;;;;;;;;;;;;;;;;;;;âfurS;;;;;;;;;;;;;;
354;enfreindre;;;;;;;;;;;;;;;;âfrEJE;;;;;;;;;;;;;;;;;;;;;;;;;;;;;;
355;enfuir;;;;âfHi;;;;;;;;;;;;;;;;;;;;;;;;;;;;;;;;;;;;;;;;;;
356;engager;;;;;;;;;;;;;;;;;;;;;âgaZô;;;;;;;;;;;;;;;;;;;âgaZE;;;;;;
357;engloutir;;;;âgluti;;;;;;;;;;;;;;;;;;;;;;;;;;;;;;;;;;;;;;;;;;
358;enjoindre;âZwaJi;;;;;;;;;;;;;;;;;;;;;;;;;;;;;;;;;;;;;;;;;;;;;
359;enlever;;;;;;;;;;;;;;;;;âl6vE;;;;;;;;;;;;;;;âlEv;;;;;;;;;;;;;;âlEv
360;ennuyer;;;;;;;;;;;;;;;ânHiE;;;;;;;;ânHi;ânHiâ;;;;;;;;ânHi;;;;;;;;ânHiE;;ânHi;;;;
361;enrager;;;;;;;;;;;;;;;;;;;;;;;;;;;;;;;;âraZ;;;;;;;;;;;;;;
362;enrichir;;;;;;;;;;;;;;;;;âriSir;;;;;;;;;;;;;;;;;;;;;;;;;;;;;
363;enrouler;;;;;;;;;;;;;;;;;ârulE;;;;;;;;;;;;;;;;;;;;;;;;;;;;;
364;ensauvager;;;;;;;;;;;;;;;;âsOvaZE;;;;;;;;;;;;;;;;;;;;;;;;;;;;;;
365;enseigner;;;;;;;;;;;;;;;;;;;;;;;;;;;;;;;;;;;;âsEJ;;;;;;;;;;
366;entendre;;;;;;;;;;;;;;;;;âtâdr;;;;;âtâdE;âtâ;;;;;;;;;âtâ;âtâdE;âtâ;;âtâ;;;âtâdy;âtâdy;;;;;;
367;enterrer;;;;;;;;;;;;;;;;;;;;;;;âtEr;;;;;;;;;;;;âtEr;;;;;;;;;;;âtEr
368;entortiller;;;;;;;;;;;;;;;;;;;;;;;âtOrtij;;;;;;;;;;;;;;;;;;;;;;;
369;entourer;;;;;;;;;;;;;;;;;;;;;;;;;;;;;;;;;;;;;;;;âturE;;;;;;
370;entraîner;;;;;;;;;;;;;;;;;âtrEnE;;;;;;;;;;;;;;;;;;;;;;;âtrEnE;;;;;;âtrEn
371;entreprendre;;;;;;;;;;;;;;;;;;;;;;;;;;;;;;;;;;;âtr6prEn;;;;;;;;;;;
372;entrer;;;;;;;;;;;;;;;;;âtrE;;;;;;âtr;;;;;;;;âtrô;âtr;âtrE;;;âtr;;;âtrE;;;;;;;âtr
373;entrevoir;;;;;;;;;;;;;;;;;;;;;;;;;;;;;;;;;;;;;;;âtr6vy;;;;;;;
374;entêter;;;;;;;;;;;;;;;;;;;;;;;;;;;;;;;;âtEt;;;;;;;;;;;;;;
375;envahir;;;;;;;;;;;;;;;;âvaisE;;;;;;;;;;;;;;;;;;;;;;âvai;;âvai;;;;;;
376;envelopper;;;;;;;;;;;;;;;;;;;;;;;;;;;;;;;;;;;âv6lOp;;;;;;;;;;;
377;envier;;;;;;;;;;;;;;;;;;;;;;;âvi;;;;;;;;;;;;;;;;;;;;;;;
378;envisager;;;;;;;;;;;;;;;;;âvizaZE;;;;;;;;;;;;;;;;;;;;;;;;;;;;;
379;envoler;;;;;;;;;;;;;;;;;;;;;;;;;;;;;;;;;;;;âvOl;;;;;;;;;;
380;envoyer;;;;;;;;;;;;;;;;;âvwajE;;;;âvwajô;âvwajE;âvwa;;;;;;;;;âvwa;;;;âvwa;;;âvwajE;âvwajE;;âvwa;;;;âvwa
381;espérer;;;;;;;;;;;;;;EspErE;;;;;;;;;EspEr;EspErâ;;;;;;;;EspEr;;;;EspEr;;;;;;EspEr;;;;
382;esquiver;;;;;;;;;;;;;;;;;;;;;;;;;;;;;;;;;;;;Eskiv;;;;;;;;;;
383;essayer;;;;;;EsErE;;;;;;;EsEjE;;;;EsEjE;;;;;;EsE,EsEj;EsEjâ;;;;EsEj6rE;;;;EsE,EsEj;EsEjE;;;EsE;;;;EsEjE;;;;;;EsE
384;estimer;;;;;;;;;;;;;;;;;;;;;;;Estim;;;;;;;;;Estim;;;;;;;;;;;;;;
385;estomper;;;;;;;;;;;;;;;;EstôpE;;;;;;;;;;;;;;;;;;;;;;;;;;;;;;
386;exalter;;;;Egzalta;;;;;;;;;;;;;;;;;;;;;;;;;;;;Egzalt;;;;;;;;;;;;;;
387;examiner;;;;Egzamina;;;;;;;;;;;;;;;;;;;;Egzaminâ;;;;;;;Egzaminô;;;;;;;;;;;;;;;
388;exciter;;;;;;;;;;;;;;;;;;;;;;;;;;;;;;;;;;;;Eksit;;;;;;;;;;
389;exclamer;;;;;;;;;;;;;;;;EsklamE;;;;;;;;;;;;;;;;;;;;;;;;;;;;;;
390;excuser;;;;;;;;;;;;;;;;;;;;;;EkskyzE;Ekskyz;;;;;;;;;Ekskyz;EkskyzE;;;Ekskyz;;;;EkskyzE;;;;;;Ekskyz
391;exercer;;;;;;;;;;;;;;;;EgzErsE;;;;;;EgzErsE;;;;;;;;;;;;;;;;;;EgzErsE;;;;;;
392;exhaler;;;;Egzala;;;;;;;;;;;;;;;;;;;;;;;;;;;;;;;;;;;;;;;;;;
393;exister;;;;;;;;;;;;;;;;EgzistE;;;;;;;Egzist;;;;;;;;;;;;;Egzist;;;;;;;;;;Egzist
394;expier;;;;;;;;;;;;;;;;;EkspjE;;;;;;;;;;;;;;;;;;;;;;;;;;;;;
395;expliquer;;;;;;;;;;Esplik6ra;;;;;;;EsplikE;;;;;;Esplik;;;;;;;;;Esplik;;;;Esplik;;;;;;Esplik;;;;Esplik
396;exploser;;;;;;;;;;;;;;;;;;;;;;;;;;;;;;;;EsplOz;;;;;;;;;;;;;;
397;exposer;;;;;;;;;;;;;;;;;EkspOzE;;;;;;;;;;;;;;;;EkspOzE;;;EkspOz;;;;;;;;;;
398;exprimer;;;;;;;;;;;;;;;;;;;;;;;Esprim;;;;;;;;;;;;;;;;;;;;;;;
399;extirper;;;;Ekstirpa;;;;;;;;;;;;;;;;;;;;;;;;;;;;;;;;;;;;;;;;;;
400;faciliter;;;;;;;;;;;;;;;;;fasilitE;;;;;;;;;;;;;;;;;;;;;;;;;;;;;
401;faillir;;;;faji;;fajirE;;;;;;;;;;;;;;;;;;;;;;;;;;;;;;;;;;;;;;;;
402;faire;;fi;;fi;;f6rE;;;f6rô;f6ra;;f6zE;;f6zE;f6zE;f6zE;fEr;;;;;fEt;fE;;;f6rE;;f6rE;;f6rE;;fE;fEt;fE;fô;fE;fEt;fEt;;fE;;fas;;;;fas
403;falloir;;;;;;;;;;fOdra;;;;;;falE;falwar;;;;;;;;;;;;;fOdrE;;;;;;fO;;;;;;;;;;
404;familiariser;;;;;;;;;;;;;;;;;;;;;;;;;;;;;;;;;;;;;;familjarizE;;;;;;;;
405;fasciner;;;;;;;;;;;;;;;;;;;;;;;;;;;;;;;;;;;;fasin;;;;;;;;;;
406;fatiguer;;;;;;;;;;;;;;;;;;;;;;;fatig;;;;;;;;;;;;;;fatigE;;;fatigE;;;;;;
407;faufiler;;;;;;;;;;fOfil6ra;;;;;;;;;;;;;;;;;;;;;;;;;;;;;;;;;;;;
408;feindre;;;;;;;;;;;;;;;;fEJE;;;;;;;;;;;;;;;;;;;;;;;;;;;;;;
409;fendre;;;;;;;;;;;;;;;;;;;;;;;;;;;;;;;;;;;fâd;;;;;;;;;;;
410;fermer;;;;;;;;;;;;;;;;;fErmE;;;;;;;fErmâ;;;;;;;;fErm;fErmE;;;fErm;;fErmE;;;;;;;;fErm
411;ferrer;;;;;;;;;;;;;;;;;;;;;;;;;;;;;;;;;;;;;;;fErE;;;;;;;
412;festoyer;;;;;;;;;;;;;;;;;;;;;;;;;;;;;;;;fEstwa;;;;;;;;;;;;;;
413;ficher;;;;;;;;;;;;;;fiSE;;;;;;;;;;;;;;;;;;fiS;;;;fiS;;;;;;fiS;;;;fiS
414;fier;;;;;;;;;;;;;;;;;fjE;;;;;;;;;;;;;;;;;;;;;;;;;;;;;
415;figurer;;;;;;;;;;;;;;;;;;;;;;;figyr;;;;;;;;;;;;;;;;figyrE;;;;;;;
416;filer;;;;;;;;;;;;;;;;;filE;;;;filô;;;;;;;;;;;;;;;;;;;;;;;;;
417;finir;;;;fini;;finirE;;;;finira;;;;;;;finir;;;;;;;;;;;;;finirE;;fini;;;;fini;;fini;fini;fini;;finis;;;;finis
418;fixer;;;;fiksa;;;;;;;;;;;;;;;;;;;;;;;;;;;;;;;;;;;;;;fiks;;;;
419;flairer;;;;;;;;;;;;;;;;;;;;;;;;;;;;;;;;flEr;;;;;;;;flErE;;;;;;
420;flamber;;;;;;;;;;;;;;;;;;;;;;;;;;;;;;;;;;;;;;flâbE;;;;;;;;
421;flatter;;;;;;;;;;;;;;;;;;;;;;;;flatâ;;;;;;;;;;;;;;;;;;;;;;
422;foncer;;;;;;;;;;;;;;;;;;;;;;;;;;;;;;;;;;;;;;;;;;;;;;fôs
423;fonctionner;;;;;;;;;;;;;;;;;;;;;;;;;;;;;;;;;;;;fôksjOn;;;;;;;;;;
424;fonder;;;;;;;;;;;;;;;;;;;;;;;fôd;;;;;;;;;;;;;;;;;;;;;;;
425;fondre;;;;;;;;;;;;;;;;;fôdr;;;;;;;;;;;;;;;;;;;;;;;;;;;;;
426;forcer;;;;;;;;;;;;;;;;;;;;;;;;;;;;;;;;fOrs;;;;fOrs;;;;;;;;;;
427;former;;;;;;;;;;;;;;;;;;;;;;;;;;;;;;;;;;;fOrm;;;;;fOrmE;;;;;;
428;forniquer;;;;;;;;;;;;;;;;fOrnikE;;;;;;;;;;;;;;;;;;;;;;;;;;;;;;
429;fouetter;;;;;;;;;;;;;;;;;;;;;;;;;;;;;;;;;;;;;;;;fwEtE;;;;;;
430;fouiller;;;;;;;;;;;;;;;;;;;;;;;;;;;;;;;;;;;;;;;;fujE;;;;;;
431;fouler;;;;;;;;;;;;;;;;;fulE;;;;;;;;;;;;;;;;;;;;;;;;;;;;;
432;fournir;;;;;;;;;;;;;;;;;;;;;;;furni;;;;;;;;;;;;;;;;;;;;;;;
433;fourrer;;;;;;;;;;;;;;;;;;;;;;;;furâ;;;;;;;;fur;;;;;;;;;;;;;;
434;foutre;;;;;;;;;;;;;;;;;futr;;;;;futE;;;;;;;;;;fu;;fu;fut;;;;;futy;;;;;;
435;franchir;;;;frâSi;;;;;;;;;;;;;frâSir;;;;;;;;;;;;;;;;;;;frâSi;;;;;;;;;;
436;frapper;;;;;;;;;;frap6ra;;;;;;;;;;;frapô;;frap;frapâ;;;;;;;;frap;;;;;;;;frapE;;frap;;;;
437;frissonner;;;;;;;;;;;;;;;;;frisOnE;;;;;;;;;;;;;;;;;;;;;;;;;;;;;
438;froisser;;;;;;;;;;;;;;;;;;;;;;;;;;;;;;;;;;frwas;;;frwasE;;;;;;;;;
439;frotter;;;;;;;;;;;;;;;;;;;;;;;;;;;;;;;;frOt;;;;frOt;;;;;;frOt;;;;
440;frémir;;;frEmir;;;;;;;;;;;;;;frEmir;;;;;;;;;;;;;;;;;;;;;;;;;;;;;
441;fréquenter;;;;;;;;;;;;;;;;;;;;;;;frEkât;;;;;;;;;;;;;;;;;;;;;;;
442;fuir;;;;fHi;;;;;;;;;;;;;fHir;fHis;;;;;;fHijâ;;;;;;;;;;;;;;;fHi;fHi;;;;;;
443;fumer;;;;;;;;;;;;;;;;;fymE;;;;;;fym;;;;;;;;;;;;;;;;;;;;;;;
444;fâcher;;;;;;;;;;;;;;;;;;;;;;;;;;;;;;;;;;;;faS;;;;;;;;;;
445;féliciter;;;;fElisita;;;;;;;;;;;;;fElisitE;;;;;;fElisit;;;;;;;;;;;;;;;;;;;;;;;
446;gagner;;;;;;;;;;;;;;;;;gaJE;;;;;;gaJ;;;;;;;;;gaJ;;gaJ;;;;;;;;;;;;
447;ganter;;;;;;;;;;;;;;;;;;;;;;;;;;;;;;;;;;;;;;gâtE;;;;;;;;
448;garder;;;;;;;;;;;;;;;;;gardE;;;;;gardE;gard;gardâ;;;;;;;;gard;gardE;;;;;;;gardE;;gard;;gard;;gard
449;garrotter;;;;;;;;;;;;;;;;;;;;;;;;;;;;;;;;garOt;;;;;;;;;;;;;;
450;gazer;;;;;;;;;;;;;;;;;;;;;;;gaz;;;;;;;;;;;;;;;;;;;;;;;
451;geler;;;;;;;;;;;;;;;;Z6lE;;;;;;;;;;;;;;;;;;;;;;;;;;;;;;
452;glacer;;;;;;;;;;;;;;;;;;;;;;;;;;;;;;;;;;;;;glasE;;;;;;;;;
453;glisser;;;;;;;;;;;;;;;;glisE;;;;;;;glis;;;;;;;;;;;;;glis;;;;;;;;;;
454;gommer;;;;;;;;;;;;;;;;;;;;;;;;gOmâ;;;;;;;;;;;;;;;;;;;;;;
455;gonfler;;;;;;;;;;;;;;;;;;;;;;;gôfl;;;;;;;;;;;;;;gôflE;;;;;;;;;
456;goutter;;;;;;;;;;;;;;;;;;;;;;;;;;;;;;;;gut;;;;;;;;;;;;;;
457;grandir;;;;;;;;;;;;;;;;;;;;;;;;;;;;;;;;;;grâdi;;grâdi;;;;grâdi;;;;;;
458;graver;;;;;;;;;;;;;;;;;;;;;;;;;;;;;;;;;;;;;gravE;;;;;;;;;
459;gravir;;;;;;;;;;;;;;;;;gravir;;;;;;;;;;;;;;;;;;;;;;;;;;;;;
460;grelotter;;;;;;;;;;;;;;;;;;;;;;;;gr6lOtâ;;;;;;;;;;;;;;;;;;;;;;
461;grogner;;;;grOJa;;;;;;;;;;;;;;;;;;;;;;;;;;;;;;;;;;;;;;;;;;
462;guetter;;;;;;;;;;;;;;;;;;;;;;;gEt;;;;;;;;;gEt;;;;gEt;;;;;;;;;;
463;gueuler;;;;;;;;;;;;;;;;g6lE;;;;;;;;;;;;;;;;g9l;;;;;;;;;;;;;;
464;guider;;;;;;;;;;;;;;;;;;;;;;;gid;;;;;;;;;;;;;;;;;gidE;;;;;;
465;guérir;;;;;;;;;;gErira;;;;;;;gErir;;;;;;;;;;;;;;;;;;;;;;;gEri;;;;;;
466;gâcher;;;;;;;;;;;;;;;;;gaSE;;;;;;;;;;;;;;;;;;;;;;;gaSE;;;;;;
467;gémir;;;;;;;;;;;;;;;;ZEmisE;;;;;;;;;;;;;;;;;;;;;;;;;;;;;;
468;gérer;;;;;;;;;;;;;;;;;ZErE;;;;;;;;;;;;;;;;;;;;;;;;;;;;;
469;gêner;;;;;;;;;;;;;;;;;;;;;;;ZEn;;;;;;;;;ZEn;;;;;;;;ZEnE;;;;;;
470;habiller;;;;;;;;;;;;abijE;;;;;;;;;;abijE;;;;;;;;;;;;;;abij;;;;;;;;;;
471;habiter;;;;;;;;;;;;;;;abitE;;;;;;;abitE;abit;;;;;;;;;abit;;;;;;;;;;;;;;abit
472;habituer;;;;;;;;;;;;;;;;;;;;;;;abity;;;;;;;;;;;;;;;;;;;;;;;
473;hanter;;;;;;;;;;;;;;;;;;;;;;;;;;;;;;;;;;;;;;;;âtE;;;;;;
474;harper;;;;;;;;;;;;;;;;;arpE;;;;;;;;;;;;;;;;;;;;;;;;;;;;;
475;hausser;;;;Osa;;;;;;;;;;;;;;;;;;;;;;;;;;;;;;;;;;;;;;;;;;
476;haïr;;;;;;;;;;;;;;;;;;;;;;;E;;;;;;;;;;;E;;;;;;;;;;;;
477;hisser;;;;;;;;;;;;;;;;;;;;;;;;;;;;;;;;;;;is;;;;;;;;;;;
478;hocher;;;;;;;;;;;;;;;;;;;;;;;;;;;;;;;;OS;;;;;;;;;;;;;;
479;hospitaliser;;;;;;;;;;;;;;;;;OspitalizE;;;;;;;;;;;;;;;;;;;;;;;;;;;;;
480;hurler;;;;;;;;;;;;;;;;;yrlE;;;;;;;;;;;;;;;;;;;;;;;;;;;;;
481;hypothéquer;;;;;;;;;;;;;;;;;;;;;;;;;;;;;;;;ipOtEk;;;;;;;;;;;;;;
482;hâter;;;;;;;;;;;;;;;;;;;;;;;at;;;;;;;;;;;;;;;;;;;;;;;
483;hésiter;;;;;;;;;;;;;;;;;EzitE;;;;;;;;;;;;;;;Ezit;EzitE;;;Ezit;;;;;;;;;;
484;identifier;;;;;;;;;;;;;;;;;;;;;;;;;;;;;;;;;;;;;;;;;;idâtifi;;;;
485;ignorer;;;;;;;;;;;;;;iJOrE;iJOrE;;iJOrE;;;;;;iJOr;;;;;;;;;iJOr;;;;iJOr;;;;;;;;;;
486;illuminer;;;;;;;;;;;;;;;;ilyminE;;;;;;;;;;;;;;;;;;;;;;;;;;;;;;
487;illustrer;;;;;;;;;;;;;;;;ilystrE;;;;;;;;;;;;;;;;;;;;;;;;;;;;;;
488;imaginer;;;;;;;;;;;;imaZinE;;;;;imaZinE;;;;;;imaZin;;;;;;;;;imaZin;;;;imaZin;;;;;;imaZin;;imaZin;;imaZin
489;imiter;;;;;;;;;;;;;;;;;;;;;;;;;;;;;;;;;;;;imit;;;;;;;;;;
490;immatriculer;;;;;;;;;;;;;;;;;;;;;;;;;;;;;;;;;;;;;;imatrikylE;;;;;;;;
491;implorer;;;;;;;;;;;;;;;;êplOrE;;;;;;;;;;;;;;;;;;;;;;;;;;;;;;
492;importer;;;;;;;;;;;;;;;;;;;;;;;êpOrt;;;;;;;;;êpOrt;;;;êpOrt;;;;;;;;;;
493;imposer;;;;êpOza;;;;;;;;;;;;;;;;;;;êpOz;;;;;;;;;;;;;;;;;;;;;;;
494;impressionner;;;;;;;;;;;;;;;;;êprEsjOnE;;;;;;;;;;;;;;;êprEsjOn;;;;;;;;;;;;;;
495;indigner;;;;;;;;;;;;;;;;;;;;;;;;;;;;;;;;;;;;;;;êdiJE;;;;;;;
496;indiquer;;;;;;;;;;;;;;;;êdikE;;;;;;;;;;;;;;;;;;;;;;;;;;;;;;
497;infliger;;;;;;;;;;;;;;;;;êfliZE;;;;;;;;;;;;;;;;;;;;;;;;;;;;;
498;infléchir;;;;;;;;;;;;;;;;;êflESir;;;;;;;;;;;;;;;;;;;;;;;;;;;;;
499;injurier;;;;;;;;;;;;;;;;;êZyrjE;;;;;;;;;;;;;;;;;;;;;;;;;;;;;
500;inonder;;;;;;;;;;;;;;;;inôdE;;;;;;;;;;;;;;;;inôd;;;;;;;;;;;;;;
501;inquiéter;;;;;;;;;;;;;;;;;;;;;;êkjEtE;êkjEt;;;;;;;;;êkjEt;;;;êkjEt;;;;;;êkjEt;;;;êkjEt
502;inscrire;;;;;;;;;;;;;;;;;êskrir;;;;;;;;;;;;;;;;;;;;;;;;;;;;;
503;insister;;;;;;;;;;;;;;;;;êsistE;;;;;;;;;;;;;;;êsist;;;;êsist;;;;;;;;;;
504;inspecter;;;;;;;;;;;;;;;;;êspEktE;;;;;;;;;;;;;;;;;;;;;;;;;;;;;
505;inspirer;;;;;;;;;;;;;;;;;;;;;;;;;;;;;;;;êspir;;;;;;;;êspirE;;;;;;
506;installer;;;;;;;;;;;;;;;;êstalE;;;;;;;;;;;;;;;;;;;;êstal;;êstalE;êstalE;êstalE;;;;;;
507;instruire;;;;;;;;;;;;;;;;;;;;;;;;;;;;;;;;;;;;êstrHi;;;;;;;;;;
508;interdire;;;;;;;;;;;;;;;;;;;;;;;;êtErdizâ;;;;;;;;;;;;;;êtErdit;;êtErdi;;;;;;
509;interner;;;;;;;;;;;;;;;;;;;;;;;;;;;;;;;;;;;;;;êtErnE;;;;;;;;
510;interroger;;;;;;;;;;;;;;;;;êtErOZE;;;;;;êtErOZ;;;;;;;;;;;;;êtErOZ;;;;;;;;;;êtErOZ
511;intimider;;;;;;;;;;;;;;;;;;;;;;;;;;;;;;;;;;;;;;;;êtimidE;;;;;;
512;intriguer;;;;;;;;;;;;;;;;;êtrigE;;;;;;êtrig;;;;;;;;;;;;;;;;;;;;;;;
513;introduire;;;;;;;;;;;;;;;;;;;;;;;;;;;;;;;;;;;;êtrOdHi;;;;;;;;;;
514;intéresser;;;êtErEsEr;;;;;;;;;;;;;êtErEsE;;;;;;;êtErEs;;;;;;;;;êtErEs;;;;êtErEs;;;;;;êtErEs;;;;êtErEs
515;inventer;;;;;;;;;;;;;;;;;;;;;;;êvât;;;;;;;;;êvât;;;;;;;;êvâtE;;;;;;
516;inverser;;;;;;;;;;;;;;;;;;;;;;;;;;;;;;;;;;;;;;;êvErsE;;;;;;;
517;inviter;;;;êvita;;;;;;;;;;;;;;;;;;;êvit;;;;;;;;;êvit;;;;;;;;;;êvit;;;;
518;irriter;;;;;;;;;;;;;;;;;;;;;;;;;;;;;;;;;;;irit;;;;;;;;;;;
519;jacasser;;;;;;;;;;;;;;;;;ZakasE;;;;;;;;;;;;;;;;;;;;;;;;;;;;;
520;jauger;;;;;;;;;;;;;;;;ZOZE;;;;;;;;;;;;;;;;;;;;;;;;;;;;;;
521;jeter;;;;Z6ta;;;;;;;;;;;;;Z6tE;;;;;;ZEt;Z6tâ;;;;;;;;;;;;ZEt;;Z6tE;;;;ZEt;;;ZEt;ZEt
522;joindre;;;;;;;;;;;;;;;;;Zwêdr;;;;;;;;;;;;;;;;;;;;;;;;;;;;;
523;jouer;;;;;;;;;;;;ZuE;;;;ZuE;ZuE;;;;;;Zu;;;;;;;;Zuô;Zu;;Zu;;Zu;;;;ZuE;;;;Zu;;Zu
524;jubiler;;;;;;;;;;;;;;;;ZybilE;;;;;;;;;;;;;;;;;;;;;;;;;;;;;;
525;juger;;;;;;;;;;;;;;;;;ZyZE;;;;;;;;;;;;;;;;;;;;;;;;;;;;;
526;jurer;;;;;;;;;;;;;;;;;;;;;;;;;;;;Zyr6rE;;;;Zyr;;;;Zyr;;;;;;Zyr;;;;
527;laisser;;;;lEsa;;lEs6rE;;;;lEs6ra;;;;;;;lEsE;;;;lEsô;lEsE;lEs;;;;;;;;;lEs;lEsE;lEs;lEs;lEs;;;;lEsE;;lEs;;lEs;;lEs
528;lancer;;;;;;;;;;;;;;;;lâsE;lâsE;;;;lâsô;;;;;;;;;;;lâs;;;;lâs;;;;;;;;;;
529;languir;;;;;;;;;;;;;;lâgisE;;;;;;;;;;;;;;;;;;;;lâgi;;;;;;;;;;;;
530;lasser;;;;;;;;;;;;;;;;;lasE;;;;;;;;;;;;;;;;;;;;;;;;;;;;;
531;laver;;;;;;;;;;;;;;;;;;;;;;;lav;;;;;;;;;;lavE;lav;;;;;;;;;;;;lav
532;lever;;;l6vEr;;;;;;;;;;;;l6vE;l6vE;l6vE;;;;;;lEv;l6vâ;;;;;;;;lEv;;;;lEv;;l6vE;;;;lEv;;;;
533;libérer;;;;;;;;;;;;;;;;;;;;;libErô;;;;;;;;;;;;;;;;;libErE;;libErE;;;;;;
534;licencier;;;;;;;;;;;;;;;;;;;;;;;;;;;;;;;;;;;;;;lisâsjE;;;;;;;;
535;lier;;;;;;;;;;;;;;;;;ljE;;;;;;;;;;;;;;;;;;;;;;;;;;;;;
536;ligoter;;;;;;;;;;;;;;;;;;;;;;;;;;;;;;;;ligOt;;;;ligOt;;;;;;;;;;
537;lire;;;;;;;;;;;;;;;;;lir;;;;;;li;;;;;;;;;li;;;;li;;;;ly;;;;;;
538;livrer;;;;;;;;;;;;;;;;;livrE;;;;;;livr;;;;;;;;;livr;;;;;;;livrE;;;;;;;livr
539;localiser;;;;;;;;;;;;;;;;;lOkalizE;;;;;;;;;;;;;;;;;;;;;;;;;;;;;
540;loger;;;;;;;;;;;;;;;;lOZE;;;;;;;;;;;;;;;;;;;;;;;;;;;;;;
541;longer;;;;;;;;;;;;;;;;;;;;;;;;;;;;;;;;;;;;lôZ;;;;;;;;;;
542;louper;;;;;;;;;;;;;;;;;;;;;;;;;;;;;;;;;;;;lup;;;;;;;;;;
543;luire;;;;;;;;;;;;;;;;;;;;;;;;;;;;;;;;lHi;;;;;;;;;;;;;;
544;lutter;;;;;;;;;;;;;;;;;;;;;;;lyt;;;;;;;;;;;;;;;;;;;;;;;
545;lâcher;;;;;;;;;;;;;;;laSE;;laSE;;;;;laSE;laS;;;;;;;;;laS;laSE;;;laS;;;;;;;;;;laS
546;maintenir;;;;;;;;;;;;;;;;;;;;;;;;mêt6nâ;;;;;;;;;;;;mêtjê;;;;;;;;;;
547;malaxer;;;;;;;;;;;;;;;;;;;;;;;;;;;;;;;;malaks;;;;malaks;;;;;;;;;;
548;mander;;;;;;;;;;;;;;;;;;;;;;;;;;;;;;;;;;;;mâd;;;;;;;;;;
549;manger;;;;;;mâZ6rE;;;;;;;;;;;mâZE;;;;;mâZE;mâZ;;;;;;;;;;;;mâZ;;;;;mâZE;;;;;;
550;manquer;;;;;;;;;;;;;;;mâkE;;mâkE;;;;;;;;;;;;;;;mâk;;;mâk;mâk;;;;;;;;;;
551;marcher;;;;;;;;;;;;marSE;;;;marSE;marSE;;;;;marSE;marS;;;;;;;marS6rE;;;;;marS;marS;;;;;;;;;;marS
552;marier;;;;;;;;;;;;;;;;;marjE;;;;;;;;;;;;;;;;;;;;;marjE;marjE;marjE;;;;;;mari
553;marquer;;;;;;;;;;;;;;;;;markE;;;;;;;;;;;;;;;;;;;;;;;markE;;;;;;
554;mater;;;;;;;;;;;;matE;;;;;;;;;;;;;;;;;;;;;;;;;;;;;;;;;;
555;matérialiser;;;;;;;;;;;;;;;;;;;;;;;;;;;;;;;;;;;;matErjaliz;;;;;;;;;;
556;maudire;;;;;;;;;;;;;;;;;;;;;;;;;;;;;;;;mOdi;;;;;;;;;;;;;;
557;maîtriser;;;;;;;;;;;;;;;;;;;;;;;;;;;;;;;mEtrizô;;;;;;;;;;;;;;;
558;menacer;;;;;;;;;;;;;;;;;;;;;;;m6nas;;;;;;;;;m6nas;;;;;m6nasE;;;;;;;;;
559;mener;;;;;;;;;;;;;;;;;;;;;;;;;;;;;;;;;;;;mEn;;;;m6nE;;;;;;
560;mentir;;;;;;;;;;;;;;;;;;;;;;;mâ;;;;;;;;;;;;;;;;;;;;;;;
561;mesurer;;;;;;;;;;;;;;;;;;;;;;;;;;;;;;;;;;;m6zyr;;;;;;;;;;;
562;mettre;mi;mi;;mi;;;;;;;;;;;mEtE;;mEtr;;;;;mEtE;mE;;;;;;;mEtrE;;mE;mEtE;mE;;mE;;;;;;mEt;;;mEt;mEt
563;mijoter;;;;;;;;;;;;;;;;;miZOtE;;;;;;;;;;;;;;;;;;;;;;;;;;;;;
564;modifier;;;;;;;;;;;;;;;;;mOdifjE;;;;;;;;;;;;;;;;;;;;;;;;;;;;;
565;monter;;;;;;;;;;;;;;;;môtE;môtE;;;;;;môt;;;;;;;;;môt;;;;môt;môtE;;;;;;;;;môt
566;montrer;;;;môtra;;;;;;;;;;;;;môtrE;;;;môtrô;;môtr;;;;;;;;;môtr;môtrE;;môtr;môtr;;;;môtrE;;;;;;môtr
567;moquer;;;;;;;;;;;;;;;;;;;;;;;mOk;;;;;;;;;;;mOk;;;;;;;;;;;;
568;mordre;;;;;;;;;;;;;;mOrdE;;;;;;;;;;;;;;;;;;;;;;;;;;;;;;;;
569;motiver;;;;;;;;;;;;;;;;;;;;;;;;;;;;;;;;mOtiv;;;;;;;;;;;;;;
570;mouiller;;;;;;;;;;;;;;;;;;;;;;;;;;;;;;;;;;;;;;mujE;;;;;;;;
571;mourir;;;;;;;;;;;;;;;;;murir;;;;;;;;;;;;;;;m9r;;;;;;mOrt;;mOr;;m9r;;;;
572;murmurer;;;;;;;;;;;;;;;;;;;;;;;;myrmyrâ;;;;;;;;;;;;;;;;;;;;;;
573;méfier;;;;;;;;;;;;;;;;;;;;;;mEfjE;;;;;;;;;;;;;;;;;;;;;;;;
574;mélanger;;;;;;;;;;;;;;;;;mElâZE;;;;;;mElâZ;;;;;;;;;;;;;;;;;;;;;;;
575;méprendre;;;;;;;;;;;;;;;;;mEprâdr;;;;;;;;;;;;;;;;;;;;;;;;;;;;;
576;mépriser;;;;;;;;;;;;;;;;;;;;;;;;;;;;;;;;mEpriz;;;;;;;;;;;;;;
577;mériter;;;;;;;;;;;;;;;;mEritE;;;;;;;mErit;;;;;;;;;mErit;;;mErit;;;;;;;mErit;;;;
578;mêler;;;;;;;;;;;;;;;;;;;;;;;;;;;;;;;;;;;;mEl;;;;;;mEl;;;;
579;navrer;;;;;;;;;;;;;;;;;;;;;;;navr;;;;;;;;;;;;;;;;;;;;;;;
580;naître;;;;;;;;;;;;;;;;;nEtr;;;;;;;;;;;;;;;;;;;;;;;;;;;;;
581;nettoyer;;;;;;;;;;;;;;;;;nEtwajE;;;;;;;;;;;;;;;;;;;nEtwa;;;;;;;;;;nEtwa
582;nier;;;;;;;;;;;;;;;;;;;;;;;ni;;;;;;;;;;;;;;;;;;;;;;;
583;nommer;;;;;;;;;;;;;;;;;;;;;;;;;;;;;;;;;;;;;;;;nOmE;;;;;;
584;noter;;;;;;;;;;nOt6ra;;;;;;;;;;;;;;;;;;;;;;;;;;nOt;;;;;;;;;;
585;nourrir;;;;;;;;;;;;;;;;;nurir;;;;;;;;;;;;;;;;;;;;;;;;;;;;;
586;noyer;;;;;;;;;;;;;;;;;;;;;;;;;;;;;;;;;;;;;;;nwajE;;;;;;;
587;obliger;;;;;;;;;;;;;;;;;;;;;;;ObliZ;;;;;;;;;ObliZ;;;;;;;ObliZE;;;;;;;
588;obliquer;;;;Oblika;;;;;;;;;;;;;;;;;;;;;;;;;;;;;;;;;;;;;;;;;;
589;observer;;;;ObsErva;;;;;;;;ObsErvE;;;;;;;;;;;ObsErv;;;;;;;;;ObsErv;;;;;;;ObsErvE;;;;;;;ObsErv
590;obséder;;;;;;;;;;;;;;;;;;;;;;;;;;;;;;;;;;;;;;ObsEdE;;;;;;;;
591;occuper;;;;Okypa;;Okyp6rE;;;Okyp6rô;;;;;;;;OkypE;;;;;;Okyp;;;;;;;;;Okyp;;;;Okyp;;;OkypE;;;Okyp;;;;Okyp
592;officier;;;;;;;;;;;;;;;;;OfisjE;;;;;;;;;;;;;;;;;;;;;;;;;;;;;
593;offrir;;;;;;;;;;;;;;;;;Ofrir;;;;;;Ofr;;;;;;;;;Ofr;;;;;;;;OfEr;;Ofr;;;;Ofr
594;opposer;;;;;;;;;;;;;;;;;;;;;;;;;;;;;;;;;;;;;;;OpOzE;;;;;;;
595;ordonner;;;;;;;;;;;;;;;;;;;;;;;;;;;;;;;;;;;;OrdOn;;;;;;;;;;
596;organiser;;;;;;;;;;;;;;;;;OrganizE;;;;;;;;;;;;;;;;;;;;;;;OrganizE;;;;;;
597;oser;;;;Oza;;;Oz6rE;;;;;;;;;;OzE;;;;;;;;;;;;;;;;;Oz;;Oz;;;;OzE;;;;;;
598;oublier;;;;;;;ublirE;;;;;;;;;ubliE;ubliE;;;;;ubliE;ubli;;;;;ublirE;;;;ubli;;;;ubli;ubliE;;;ubliE;;ubli;;ubli;;ubli
599;ouvrir;;;;uvri;;;;;;;;;;;;;uvrir;;;;;;uvr;;;;;;;;;uvr;;;;uvr;;uvErt;;;;;;;;uvr
600;paillarder;;;;;;;;;;;;;;;;pajardE;;;;;;;;;;;;;;;;;;;;;;;;;;;;;;
601;paraître;;;;;;;;;;parEtra;;;;;parEsE;;;;;;;;;;;;;;;;;;;;;parE;;;;;;;;;;
602;pardonner;;;;;;pardOn6rE;;;;;;;;;;;pardOnE;;;;;;;;;;;;;;;pardOn;;;;pardOn;;;;;;;;;;
603;parfaire;;;;;;;;;;;;;;;;;;;;;;;;;;;;;;;;;;;;parfE;;parfEt;;parfE;;;;;;
604;parier;;;;;;;;;;;;;;;;;;;;;;;;;;;;;;;;;;;;pari;;;;;;;;;;
605;parler;;;;parla;;;parl6rE;;;;;;;;parlE;parlE;parlE;;;;parlô;parlE;parl;;;;;;;parl6rE;;parl;parlE;parl;;parl;;;;parlE;;parl;;;;parl
606;partager;;;;;;partaZ6rE;;;;;;;;;;;partaZE;;;;;;;;;;;;;;;;;;;;;;;;;;;;;
607;partir;parti;parti;;parti;;partirE;;;;;;;;;;partE;partir;;;;partô;partE;par;partâ;;;;;;;;par;partE;par;;par;;parti;;parti;;part;;;;part
608;parvenir;;;;parvê;;;;;;;;;;;;;parv6nir;;;;parv6nô;;;;;;;;;;;;;;;parvjê;;;;;;;;;;
609;passer;;;pasEr;pasa;;;;;;;;;;;;pasE;pasE;;;;;pasE;pas;pasâ;;;;;;;;pas;pasE;;pas;pas;;;pasE;pasE;;pas;;;;pas
610;patienter;;;;pasjâta;;;;;;;;;;;;;;;;;;;;;;;;;;;;;;;;pasjât;;;;;;;;;;
611;patiner;;;;;;;;;;;;;;;;;;;;;;;;;;;;;;;;;;;;patin;;;;;;;;;;
612;payer;;;;;;;;;;;;;;;;pEjE;pEjE;;;;;;pE,pEj;;;;;;;;;pE,pEj;;;;pEj;;pEjE;pEjE;;;pE,pEj;;;;pE
613;peindre;;;;;;;;;;;;;;;;;pêdr;;;;;;;;;;;;;;;;;;;;;;;;;;;;;
614;pencher;;;;pâSa;;;;;;;;;;;;;pâSE;;;;;;;;;;;;;;;;;;;pâS;;;;;;;;;;
615;pendre;;;;;;;;;;;;;;;pâdE;;;;;;;;;;;;;;;;;;;;;;;;pâdy;;;;;;;
616;penser;;;;;;;;;;;;pâsE;;pâsE;;pâsE;pâsE;;;pâsa;;pâsE;pâs;pâsâ;;;;;;;pâsô;pâs;pâsE;pâs;pâs;pâs;;;;pâsE;;pâs;;pâs;;pâs
617;perdre;;;;;;;;;;;;;;;;;pErdr;;;;;;pEr;pErdâ;;;;;;;;pEr;;;;;;;;pErdy;;pErd;;;;
618;permettre;;;;;;;;;pErmEtrô;;;;;;;;pErmEtr;;;;;pErmEtE;pErmE;;;;;;;pErmEtrE;;;pErmEtE;pErmE;;;;;;;;;;;;
619;persuader;;;;;;;;;;;;;;;;;;;;;;;;;;;;;;;;;;;;;;;;pErsyadE;;;;;;
620;peser;;;;;;;;;;;;;;;;p6zE;;;;;;;pEz;;;;;;;;;;;;;;;;;;;;;;;
621;peupler;;;;;;;;;;;;;;;;;;;;;;;;;;;;;;;;;;;;;;;;p6plE;;;;;;
622;picoler;;;;;;;;;;;;;;;;;pikOlE;;;;;;;;;;;;;;;;;;;;;;;;;;;;;
623;piger;;;;;;;;;;;;;;;;;;;;;;;;;;;;;;;;;;;;;;;;;;;;piZ;;
624;pinailler;;;;;;;;;;;;;;;;;;;;;;;;;;;;;;;;;;;;pinaj;;;;;;;;;;
625;piquer;;;;pika;;;;;;;;;;;;;;;;;;;;;;;;;;;;;;;;pik;;;;;;;;;;
626;pisser;;;;;;;;;;;;;;;;;;;;;;;pis;;;;;;;;;;;;;pis;;;;;;;;;;
627;piétiner;;;;;;;;;;;;;;;;;;;;;;;;;;;;;;;;;;;;pjEtin;;;pjEtinE;;;;;;;
628;placer;;;;;;;;;;;;;;;;;plasE;;;;;;;;;;;;;;;;;;;;;;;;;;;;;
629;plaindre;;;;;;;;;;;;;;;;;;;;;;;plê;;;;;;;;;;;plê;;plê;;;;plê;;;;;;
630;plaire;;;;;;;;;;;;;;;;plEzE;;;;;;;;;;;;;;;;;;;;plE;;;;;;;;;;
631;plaisanter;;;;;;;;;;;;;;;;;;;;;;;;;;;;;;;;plEzât;;;;;;;;;;;;;;plEzât
632;planquer;;;;;;;;;;;;;;;;;plâkE;;;;;;;;;;;;;;;;plâkE;;;plâk;;;;plâkE;;;;;;
633;planter;;;;;;;;;;;;;;;;;;;;;;;;;;;;;;;;;;;;;;;plâtE;plâtE;;;;;;
634;plaquer;;;;plaka;;;;;;;;;;;;;;;;;;;;;;;;;;;;;;;;;;;;;;;;;;
635;pleurer;;;;;;;;;;;;;;;;;pl6rE;;;;;;;;;;;;;;;pl9r;;;;pl9r;;;;;;;;;;pl9r
636;plisser;;;;;;;;;;;;;;;;;;;;;;;;;;;;;;;;;;;;;;plisE;;;;;;;;
637;plonger;;;;;;;;;;;;;;;;;plôZE;;;;;;plôZ;;;;;;;;;;;;;;;;;plôZE;;;;;;
638;ployer;;;;;;;;;;;;;;;;;;;;;;;;;;;;;;;;;;;;;;;;plwajE;;;;;;
639;pointer;;;;;;;;;;;;;;;;;pwêtE;;;;;;pwêt;;;;;;;;;pwêt;;;pwêt;pwêt;;;;;;;;;;
640;polir;;;;;;;;;;;;;;;;;pOlir;;;;;;;;;;;;;;;;;;;;;;;pOli;;;;;;
641;polluer;;;;;;;;;;;;;;;;;;;;;;;;;;;;;;;;;;;;;;;;pOlyE;;;;;;
642;porter;;;;;;;;;;;;;;pOrtE;;pOrtE;pOrtE;;;;;;pOrt;;;;;;;;;pOrt;;;;pOrt;;;;pOrtE;;pOrt;;;;pOrt
643;poser;;;;;;;;;;;;pOzE;;;;pOzE;pOzE;;;;;;;pOzâ;;;;;;;;pOz;;;;pOz;;pOzE;;;;pOz;;;;
644;posséder;;;;;;;;;;;;;;;;;;;;;;;;;;;;;;;;pOsEd;;;;;;;;;;;;;;pOsEd
645;poster;;;;;;;;;;;;;;;;;;;;;;;;;;;;;;;;pOst;;;;;;;;;;;;;;
646;poursuivre;;;;;;;;;;;;;;;;;;;;;;;;;;;;;;;;;;;pursHiv;;;;;;;;;;;
647;pousser;;;;pusa;;;;;;;;;;;pusE;;;;;;;;pus;;;;;;;;;pus;;;;pus;;;;;;;;;;
648;pouvoir;;;;;;purE;purE;pura;purô;pura;;puvE;;puvE;puvE;puvE;puvwar;;;py;;;;puvâ;;purE;;purE;purE;purE;;p9;puvE;p9;p9v;p9;;;;;;pHis;;;pHis;
649;pratiquer;;;;;;;;;;;;;;;;;pratikE;;;;;;;;;;;;;;;;;;;;;;;;;;;;;
650;prendre;pri;pri;;pri;;prâdrE;;;;;;pr6nE;;;;pr6nE;prâdr;;;;pr6nô;pr6nE;prâ;;;prâdrE;;prâdrE;;;pr6nô;prâ;pr6nE;prâ;prEn;prâ;;priz;;;;;;;;
651;presser;;;;;;;;;;;;;;;;;;;;;;;;;;;;;;;;;;;;prEs;;;;;;;;;;
652;prier;;;;;;;;;;;;;;;;;priE;;;;;;pri;;;;;;;;;pri;;;;;;;;prjE;;pri;;;;
653;priser;;;;;;;;;;;;;;;;;;;;;;;;;;;;;;;;;;;;;;;prizE;;;;;;;
654;priver;;;;;;;;;;;;;;;privE;;privE;;;;;;;;;;;;;;;;;;;;;;;;;;;;;
655;produire;;;;;;;;;;;;;;;;;;;;;;;;;;;;;;;;;;;;prOdHi;;;;;;;;;;
656;profiter;;;;;;;;;;;;;;;;;;;;;;;;;;;;;;;;prOfit;;;;;;;;;;;;;;
657;progresser;;;;;;;;;;;;;;;;;;;;;;;;;;;;;;;;;;;;prOgrEs;;;;;;;;;;
658;projeter;;;;;;;;;;;;;;;;prOZ6tE;;;;;;;;;;;;;;;;;;;;;;prOZ6tE;prOZ6tE;;;;;;;
659;promettre;prOmi;prOmi;;;;;;;;;;prOmEtE;;;;;;;;;;;;;;;;;;;;;;prOmE;;prOmE;;prOmiz;;;;;;;;
660;prononcer;;;;;;;;;;;;;;;;;prOnôsE;;;;;;prOnôs;;;;;;;;;;;prOnôs;;prOnôs;;;;;;;;;;
661;proposer;;;;prOpOza;;;;;;;;prOpOzE;;prOpOzE;;;prOpOzE;;;;;;prOpOz;;;;;;;;;prOpOz;;;;;;;;;;;;;;
662;prosterner;;;;;;;;;;;;;;;;;;;;;;;;;;;;;;;;;;;;;;prOstErnE;;;;;;;;
663;protéger;;;;;;;;;;;;;;;;;prOtEZE;;;;;;;;;;;;;;;prOtEZ;;;;;;prOtEZE;;prOtEZE;;;;;;
664;prouver;;;;;;;;;;;;;;;;;;;;;;;pruv;;;;;;;;;pruv;;;;pruv;;;;;;pruv;;;;pruv
665;provoquer;;;;;;;;;;;;;;;;;;;;;;;;;;;;;;;;prOvOk;;;;;;;;;;;;;;
666;précipiter;;;;;;;;;;;;;;;;;prEsipitE;;;;;;;;;;;;;;;prEsipit;;;;;;;;;;;;;;
667;préciser;;;;;;;;;;;;;;;;;;;;;;;;;;;;;;;;;;;;;;;;;;;;;;prEsiz
668;précéder;;;;;;;;;;;;;;;;;;;;;;;;;;;;;;;;prEsEd;;;;;;;;;;;;;;
669;préférer;;;;;;;;;;;;;;;;prEfErE;;;;;;prEfErE;prEfEr;;;;;;;;;prEfEr;;;;prEfEr;;;;prEfErE;;;;;;prEfEr
670;prélever;;;;;;;prElEv6rE;;;;;;;;;;;;;;;;;;;;;;;;;;;;;;;;;;;;;;;
671;préparer;;;;;;;;;;;;;;;;;prEparE;;;;;;prEpar;;;;;;;;;prEpar;prEparE;;;;;;;prEparE;;;;prEpar;;
672;présenter;;;;;;;;;;;;;;;;;;;;;;;;prEzâtâ;;;;;;;;prEzât;prEzâtE;;;prEzât;;;;prEzâtE;;;;;;prEzât
673;présumer;;;;;;;;;;;;;;;;;;;;;;;prEzym;;;;;;;;;;;;;;;;;;;;;;;
674;prévaloir;;;;;;;;;;;;;;;;;prEvalwar;;;;;;;;;;;;;;;;;;;;;;;;;;;;;
675;prévenir;;;;;;;;;;;;;;;;;prEv6nir;;;;;;prEvjê;;;;;;;;prEv6nô;;prEv6nE;;;;;;;;;;;;;
676;prévoir;;;;;;;;;;;;;;;;;prEvwar;;;;;;;;;;;;;;;;;;;;;prEvy;prEvy;prEvy;;;;;;
677;prêter;;;;;;;;;;;;;;;;;prEtE;;;;;;;;;;;;;;;;;;;;;;;;;;;;;prEt
678;publier;;;;;;;;;;;;;;;;pybliE;;;;;;;;;;;;;;;;;;;;;;;;;;;;;;
679;puer;;;;;;;;;;;;;;;;;;;;;;;py;;;;;;;;;;;;;py;;;;;;;;;;
680;punir;;;;;;;;;;;;;;;;;;;;;;;;;;;;;;;;pyni;;;;;;;;;;;;;;
681;pédaler;;;;;;;;;;;;;;;;pEdalE;;;;;;;;;;;;;;;;;;;;;;;;;;;;;;
682;pêcher;;;;;;;;;;;;;;;;;pESE;;;;;;;;;;;;;;;;;;;;;;;pESE;;;;;;
683;quitter;;;;;;;;;;;;;;;;;kitE;;;;;kitE;;kitâ;;;;;;;;kit;kitE;;;;;;kitE;kitE;;kit;;;;kit
684;rabattre;;;;;;;;;;;;;;;;rabatE;;;;;;;;;;;;;;;;;;;;;;;;;;;;;;
685;rabibocher;;;;;;;;;;;;;;;;;;;;;;;;;;;;;;;;rabibOS;;;;;;;;;;;;;;
686;raccompagner;;;;;;;;;;;;;;rakôpaJE;;;;;;;;;rakôpaJ;;;;;;;;;;;;;;;;;;;;;;;
687;raccrocher;;;;;;;;;;;;;;;;;;;;;;;;;;;;;;;;;;;;rakrOS;;;;;;;;;;
688;racheter;;;;;;;;;;;;;;;;;raS6tE;;;;;;;;;;;;;;;;;;;;;;raS6tE;;;;;;;
689;raconter;;;;rakôta;;;;;;rakôt6ra;;rakôtE;;;;;rakôtE;;;;;;rakôt;;;;;;;;;rakôt;;;;rakôt;;;;rakôtE;;;;;;rakôt
690;radier;;;;;;;;;;;;;;;;;radjE;;;;;;;;;;;;;;;;;;;;;;;;;;;;;
691;raffoler;;;;;;;;;;;;;;;;;;;;;;;;;;;;;;;;;;;rafOl;;;;;;;;;;;
692;rafler;;;;;;;;;;;;;;;;;;;;;;;;;;;;;;;;;;;;;;;;raflE;;;;;;
693;raidir;;;;;;;;;;;;;;;;;;;;;;;;;;;;;;;;;;;;;;;rEdi;;;;;;;
694;rajeunir;;;;;;;;;;;;;;;;;;;;;;;;;;;;;;;;;;raZ6ni;;;;;;;;;;;;
695;rajouter;;;;raZuta;;;;;;;;;;;;;;;;;;;raZut;;;;;;;;;;;;;;;;;;;;;;;
696;ralentir;;;;;;;;;;;;;;;;;;;;;;;ralâti;;;;;;;;;;;;;ralâti;;;;;;;;;;
697;rallier;;;;;;;;;;;;;;;;;raljE;;;;;;;;;;;;;;;;;;;;;;;;;;;;;
698;ramasser;;;;;;;;;;;;;;;;;;;;;;;;;;;;;;;;;;;;ramas;;;;;;;;;;
699;ramener;;;;;;;;;;;;;;;;;ram6nE;;;;;ram6nE;ramEn;;;;;;;;;;;;;ramEn;;;;;;ramEn;;;;
700;ramper;;;;;;;;;;;;;;;;;;;;;;;;râpâ;;;;;;;;;;;;;;;;;;;;;;
701;ranger;;;;;;;;;;;;;;;;;;;;;;;;râZâ;;;;;;;;râZ;;;;;;;râZE;;;;;;;
702;rappeler;;;;rap6la;;;;;;;;rap6lE;;;;;;;;;;;rapEl;;;;;;;;;rapEl;;;;;;;;;;rapEl;;;;rapEl
703;rapporter;;;;;;;;;;;;;;;;;;;;;;;rapOrt;;;;;;;;;;;;;;;;;;;;;;;rapOrt
704;rapprocher;;;;;;;;;;;;;;;;;;;;;;;raprOS;;;;;;;;;;;;;;;;;;;;;;;
705;rassembler;;;;;;;;;;;;;;;;;;;;;;;;;;;;;;;;;;;;;;;rasâblE;;;;;;;
706;rasseoir;;;;;;;;;;;;;;;;;raswar;;;;;;;;;;;;;;;;;;;;;;;;;;;;;
707;rassurer;;;;;;;;;;;;;;;;;;;;;;;rasyr;;;;;;;;;;;;;;;;;;;;;;;
708;rater;;;;;;;;;;;;;;;;;;;;;;;rat;;;;;;;;;;;;;rat;;;;;;;;;;
709;rattraper;;;;;;;;;;;;;;;;;;;;;;;ratrap;;;;;;;;;;;;;;;;;;;;;;;
710;ravir;;;;;;;;;;;;;;;;;;;;;;;;;;;;;;;;;;;;;;;;ravi;;;;;;
711;rayer;;;;;;;;;;;;;;;;;;;;;;;;;;;;;;;;rEj;;;;;;;;;;;;;;
712;rebuter;;;;;;;;;;;;;;;;;r6bytE;;;;;;;;;;;;;;;;;;;;;;;;;;;;;
713;rebâtir;;;;;;;;;;;;;;;;;r6batir;;;;;;;;;;;;;;;;;;;;;;;;;;;;;
714;recevoir;;;;;;;;;;;;;;;;r6s6vE;r6s6vwar;;;;;;;;;;;;;;;;;;;;;;r6sy;r6sy;;;;;;
715;rechercher;;;;;;;;;;;;;;;;;;;;;;;;;;;;;;;;;;;;r6SErS;;;;r6SErSE;;;;;;
716;recommencer;;;;;;;;;;;;;;;;r6kOmâsE;r6kOmâsE;;;;;;;;;;;;;;;;;;r6kOmâs;;;;;;;;;;;
717;reconduire;;;;;;;;;;;;;;;;;;;;;;;;;;;;;;;;;;;;;;;;;;;;;;r6kôdHiz
718;reconnaître;;;;;;;;;;r6kOnEtra;;;;;;;;;;;;r6kOnEsE;;;;;;;;;;r6kOnE;;;;;;;;r6kOny;;;;;;
719;reconquérir;;;;;;;;;;;;;;;;;;;;;;;;;;;;;;;;;;;;;;r6kôkiz;;;;;;;;
720;recoucher;;;;;;;;;;;;;;;;;;;;;;;r6kuS;;;;;;;;;;;;;;;;;;;;;;;
721;recoudre;;;;;;;;;;;;;;;;r6kuzE;;;;;;;;;;;;;;;;;;;;;;;;;;;;;;
722;recouvrir;;;;;;;;;;;;;;;;;;;;;;;;;;;;;;;;;;;;;r6kuvErt;;;;;;;;;
723;rectifier;;;;;;;;;;;;;;;;;rEktifjE;;;;;;;;;;;;;;;;;;;;;;;;;;;;;
724;reculer;;;;;;;;;;;;;;;;;;;;;;;r6kyl;;;;;;;;;r6kyl;r6kylE;;;r6kyl;;;;;;;;;;
725;redescendre;;;;;;;;;;;;;;;;;;;;;;;;;;;;;;;;r6dEsâ;;;;;;;;;;;;;;
726;redevenir;;;;;;;;;;;;;;;;r6d6v6nE;;;;;;;;;;;;;;;;;;;;;;;;;;;;;;
727;redire;;;;;;;;;;;;;;;;;;;;;;;;;;;;;;;;;;;;;;;;;;;;;;r6diz
728;redonner;;;;;;;;;;;;;;;;;r6dOnE;;;;;;;;;;;;;;;;;;;;;;;;;;;;;
729;redouter;;;;;;;;;;;;;;;r6dutE;;;;;;;;;;;;;;;;;;;;;;;;;;;;;;;
730;redresser;;;;r6drEsa;;;;;;;;;;;;;;;;;;;;;;;;;;;;r6drEs;;;;;;;;;;;;;;
731;refaire;;;;;;;;;;;;;;;;;;;;;;;r6fE;;;;;;;;;;;r6fE;;r6fE;r6fEt;;;;;;;;;
732;refermer;;;;;;;;;;;;;;;;;;;;;;;r6fErm;;;;;;;;;r6fErm;;;;;;;;;;;;;;
733;refuser;;;;r6fyza;;;;;;;;;;;r6fyzE;;;;;;;;;;;;;;;;;r6fyz;;;;r6fyz;;;;;;r6fyz;;;;
734;regarder;;;r6gardEr;;;;;;;r6gard6ra;;;;;;;r6gardE;;;;;r6gardE;r6gard;;;;;;;;r6gardô;r6gard;r6gardE;r6gard;;r6gard;;;;r6gardE;;r6gard;;;;r6gard
735;regretter;;;;;;;;;;;;;;;;;;;;;;;r6grEt;;;;;;;;;r6grEt;;;;r6grEt;;;;;;r6grEt;;;;r6grEt
736;rejeter;;;;;;;;;;;;;;;;;;;;;;;r6ZEt;;;;;;;;;;;;;;;;;;;;;;;
737;rejoindre;;;;r6ZwaJi;;;;;;;;;;;;;r6Zwêdr;;;;;;;;;;;;;;;;;;;;;;;;;;;;;
738;rejouer;;;;;;;;;;;;;;;;;r6ZuE;;;;;;;;;;;;;;;;;;;;;;;;;;;;;
739;relever;;;;r6l6va;;;;;;;;;;;;r6l6vE;;;;;;;;;;;;;;;;r6lEv;;;;;;;;r6l6vE;;;;;;r6lEv
740;relire;;;;;;;;;;;;;;;;;;;;;;;r6li;;;;;;;;;;;;;;;;;;;;;;;
741;relâcher;;;;r6laSa;;;;;;;;;;;;;;;;;;;;;;;;;;;;;;;;;;;;;;;;;;
742;remarquer;;;;;;;;;;;;;;;;;r6markE;;;;;;;;;;;;;r6mark6rE;;;;;;;;;;;;;;;;
743;rembourser;;;;;;;;;;;;;;;;râbursE;;;;;;;;;;;;;;;;;;;;râburs;;;;;;;;;;
744;remercier;;;;;;;;;;;;;;;;;r6mErsjE;;;;;;;;;;;;;;;r6mErsi;;;;;;;;;;r6mErsi;;;;
745;remettre;;;;r6mi;;;;;;;;;;;;;r6mEtr;;;;r6mEtô;;r6mE;;;;;;;;;r6mE;;;r6mEt;;;r6miz;;;;r6mEt;;;;
746;remiser;;;;;;;;;;;;;;;;;;;;;;;;;;;;;;;;r6miz;;;;;;;;;;;;;;
747;remonter;;;;r6môta;;;;;;;;;;;;;;;;;;;;;;;;;;;;r6môt;;r6môt;r6môt;r6môt;;;;;;;;;;
748;remplacer;;;;râplasa;;;;;;;;;;;;;;;;;;;;;;;;;;;;;râplasE;;;;;;;;;;;;;
749;remplir;;;;;;;;;;;;;;;;;;;;;;;râpli;;;;;;;;;;;;;;;;râpli;;;;;;;
750;remuer;;;;;;;;;;;;;;;r6myE;;;;;;;;;r6myâ;;;;;;;;;;;;;;r6myE;;;;;;;;
751;rencontrer;;;;râkôtra;;;;;;;;;;;;;râkôtrE;;;;;;;;;;;;;;;;;;;râkôtr;;;;râkôtrE;;râkôtr;;;;râkôtr
752;rendre;;;;;;;;;;;;;;;;râdE;râdr;;;;;râdE;râ;;;;;;;râdrE;;râ;râdE;;;râ;;râdy;;râdy;râdjô;râd;;;;râd
753;renouer;;;;;;;;;;;;;;;;;;;;;;;;;;;;;;;;;;;;r6nu;;;;;;;;;;
754;rentrer;;;;râtra;;;;;;;;;;;;;râtrE;;;;râtrô;râtrE;râtr;;;;;;;;;râtr;râtrE;;;;;;;;;;;râtr;;râtr
755;renverser;;;;;;;;;;;;;;;;;râvErsE;;;;;;;;;;;;;;;;;;;;;;;;;;;;;
756;renvoyer;;;;;;;;;;;;;;;;;râvwajE;;;;;;;;;;;;;;;râvwa;;;;;;;;;;;;;;
757;repartir;;;;;;;;;;;;;;;;;;;;;;;;;;;;;;;;;;;r6part;;;;;;;;;;;
758;repasser;;;;;;;;;;;;;;;;;r6pasE;;;;;;;;;;;;;;;;;;;;;;;;;;;;;
759;repentir;;;;;;;;;;;;;;;;;;;;;;;;;;;;;;;;r6pâ;;;;;;;;;;;;;;
760;reporter;;;;;;;;;;;;;;;;;;;;;;;r6pOrt;;;;;;;;;;;;;;;;;;;;;;;
761;reposer;;;;;;;;;;;;;;;;;;;;;;;;;;;;;;;;r6pOz;;;;;;r6pOzE;;;;;;;;r6pOz
762;reprendre;r6pri;r6pri;;r6pri;;;;;;;;;;;;;;;;;;r6pr6nE;;;;;;;;;;;;;;r6prâ;;;;;;;;;;
763;reprocher;;;;;;;;;;;;;;;;;;;;;;;;;;;;;;;;r6prOS;;;;;;;;;;;;;;
764;représenter;;;;;;;;;;;;;;;;;;;;;;;;;;;;;;;;r6prEzât;;;;;;;;;;;;;;
765;repérer;;;;;;;;;;;;;;;;;;;;;;;;;;;;;;;;;;;;;;;;r6pErE;;;;;;
766;respecter;;;;;;;;;;;;;;;;;;;;;;;;;;;;;;;;rEspEkt;;;rEspEkt;;;;;;;;;;;
767;respirer;;;;rEspira;;;;;;;;;;;;;rEspirE;;;;;;rEspir;;;;;;;;;;;;;;;;;;;;;;;rEspir
768;ressaisir;;;;;;;;;;;;;;;;;;;;;;;;;;;;;;;;;;;;r6sEzi;;;;;;;;;;
769;ressasser;;;;;;;;;;;;;;;;r6sasE;;;;;;;;;;;;;;;;;;;;;;;;;;;;;;
770;ressembler;;;;;;;;;;;;;;;r6sâblE;r6sâblE;r6sâblE;;;;;;r6sâbl;;;;;;;;;r6sâbl;;;;r6sâbl;;;;;;r6sâbl;;r6sâbl;;r6sâbl
771;ressentir;;;;;;;;;;;;;;;;;;;;;;;r6sâ;;;;;;;;;;;r6sâ;;;;r6sâti;;;;;;;;
772;resserrer;;;;;;;;;;;;;;;;r6sErE;;;;;;;;;;;;;;;;;;;;;;;;;;;;;;
773;ressortir;;;;;;;;;;;;;;;;;;;;;;;;;;;;;;;;;;;;r6sOr;;;;r6sOrti;;;;;;
774;ressusciter;;;;;;;;;;;;;;;;rEsysitE;;;;;;;;;;;;;;;;;;;;;;;;;;;;;;
775;rester;;;;rEsta;;;;;;rEst6ra;;;;;;rEstE;rEstE;;;;;rEstE;rEst;;;;;;;;;rEst;rEstE;rEst;;rEst;;rEstE;;rEstE;;;;;;rEst
776;restituer;;;;;;;;;;;;;;;;;;;;;;;;;;;;;;;;;;;;;;;rEstityE;;;;;;;
777;retarder;;;;;;;;;;;;;;;;;r6tardE;;;;;;;;;;;;;;;;;;;;;;;;;;;;;
778;retenir;;;;;;;;;;;;;;;;;r6t6nir;;;;;;r6tjê;;;;;;;;;;;;;;r6t6ny;;;;;;;;;
779;retirer;;;;;;;;;;;;;;;;;;;;;;;r6tir;;;;;;;;;;;;;;;;;r6tirE;;;;;;
780;retourner;;;;;;;;;;r6turn6ra;;;;;;r6turnE;r6turnE;;;;;;r6turn;;;;;;;;;r6turn;;;;r6turn;;;r6turnE;r6turnE;;r6turn;;;;r6turn
781;retrouver;;;;;;;;;;;;;;;;r6truvE;r6truvE;;;;;;r6truv;;;;;;;;;;;;;r6truv;;;;r6truvE;;;;;;r6truv
782;revenir;;;;;;r6vjêdrE;;;;r6vjêdra;;;;;;;r6v6nir;;;;;;r6vjê;;;;;;;r6vjêdrE;;r6vjê;;r6vjê;;r6vjê;;r6v6ny;;r6v6ny;;;;r6vjEn;r6vjEn;r6vjEn
783;revoir;;;;r6vi;;;;;;;;;;;;;r6vwar;;;;;;;;;;;;;;;;;;;;;;;;;r6vwa;;;;
784;revêtir;;;;;;;;;;;;;;;;;;;;;;;;;;;;;;;;;;;;;;r6vEty;;r6vEty;;;;;;
785;rigoler;;;;;;;;;;;;;;;;;;;;;;;rigOl;;;;;;;;;rigOl;;rigOl;;;;;;;;;;;;
786;rincer;;;;;;;;;;;;;;;;;rêsE;;;;;;;;;;;;;;;;rêsE;;;;;;;;;;;;;
787;rire;;;;;;;;;;;;;;;;rjE;rir;;;;;;;rjâ;;;;;;;;;;ri;;ri;;;;;;;;;;
788;risquer;;;;;;;;;;;;;;;;riskE;riskE;;;;;;;;;;;;;;;;;;risk;risk;;;;;;;;;;risk
789;ronfler;;;;;;;;;;;;;;;rôflE;;;;;;;;;;;;;;;;;;;;;;;;;;;;;;;
790;ronronner;;;;;;;;;;;;;;;;rôrOnE;;;;;;;;;;;;;;;;;;;;;;;;;;;;;;
791;rouler;;;;;;;;;;;;;;;;rulE;rulE;;;;;;rul;;;;;;;;;rul;;;;;;;;;;;;;;rul
792;rouvrir;;;;;;;;;;;;;;;;;;;;;;;;;;;;;;;;;;;;ruvr;;;;;;;;;;
793;ruisseler;;;;;;;;;;;;;;;;rHis6lE;;;;;;;;;;;;;;;;;;;;;;;;;;;;;;
794;rythmer;;;;;;;;;;;;;;;;;;;;;;;ritm;;;;;;;;;;;;;;;;;;;;;;;
795;réagir;;;;;;;;;;;;;;;;;rEaZir;;;;;;;;;;;;;;;;;;;;;;;;;;;;;
796;réaliser;rEalizE;;;;;;;;;;;;;;;;;;;;;rEalizE;rEaliz;;;;;;;;;;;rEaliz;;;;;;;;;;;;
797;réapparaître;;;;rEapary;;;;;;;;;;;;;;;;;;;;;;;;;;;;;;;;;;;;;;;;;;
798;réchauffer;;;;;;;;;;;;;;;;;;;;;;;;;;;;;;;;;;;;rESOf;;;;;;;;;;
799;réclamer;;;;;;;;;;;;;;;;;;;;;;;;;;;;;;;;;;;rEklam;;;;;;;;;;;
800;réconforter;;;;;;;;;;;;;;;;;;;;;;;;;;;;;;;;;;;rEkôfOrt;;;;;rEkôfOrtE;;;;;;
801;récupérer;;;;;;;;;;;;;;;;;rEkypErE;;;;;;;;;;;;;;;;;;;;;;;;;;;;;
802;rédiger;;;;;;;;;;;;;;;;;;;;;;;;;;;;;;;;;;;;;;;;rEdiZE;;;;;;
803;réfléchir;;;;;;;;;;;;;;rEflESisE;;;rEflESir;;;;rEflESisô;;;;;;;;;;;;;;;;;;;;;;;;;
804;régler;;;;;;;;;;;;;;;;;rEglE;;;;;;;;;;;;;;;;;;;;;;;;;;;;;
805;régner;;;;;;;;;;;;;;;;;rEJE;;;;;;;;;;;;;;;;;;;;;;;;;;;;;
806;réinventer;;;;;;;;;;;;;;;;;rEêvâtE;;;;;;;;;;;;;;;;;;;;;;;;;;;;;
807;réjouir;;;;;;;;;;;;;;;;;;;;;;;;;;;;;;;;rEZui;;;;;;;;;;;;;;
808;répandre;;;;;;;;;;;;;;;;;rEpâdr;;;;;;;;;;;;;;;;;;;;;;;rEpâdy;;;;;;
809;réparer;;;;;;;;;;;;;;;;;rEparE;;;;;;rEpar;;;;;;;;;;;;;;;;;;;;;;;
810;répliquer;;;;;;;;;;;;;;;;rEplikE;;;;;;;;;;;;;;;;;;;;;;;;;;;;;;
811;répondre;rEpôdi;;;rEpôdi;;;;;;;;rEpôdE;;;;;rEpôdr;;;;;;rEpô;rEpôdâ;;;;;;;;rEpô;rEpôdE;;;rEpô;;;;rEpôdy;;rEpôd;;;;
812;répéter;;;;;;;;;;;;rEpEtE;;;;rEpEtE;rEpEtE;;;;;;rEpEt;;;;;;;;;rEpEt;;;;rEpEt;;;;rEpEtE;;;;;;
813;résigner;;;;;;;;;;;;;;;;;rEziJE;;;;;;;;;;;;;;;;;;;;;;;;;;;;;
814;résister;;;;;;;;;;;;;;;;;;;;;;;rEzist;;;;;;;;;;;;;;;;;;;;;;;
815;résoudre;;;;;;;;;;rEzudra;;;;;;;;;;;;;;;;;;;;;;;;;;;;;;rEzOly;;;;;;
816;résumer;;;;;;;;;;;;;;;;rEzymE;;;;;;;;;;;;;;;;;;;;;;;;;;;;;;
817;réunir;;;;;;;;;;;;;;;;;;;;;;;rEyni;;;;;;;;;;;;;;;;;;;;;;;
818;réussir;;;;;;;;;;;;;;;;;;;;rEysi;;;;;;;;;;;;;;;;;;;;rEysi;;;;;;
819;réveiller;;;rEvEjEr;;;;;;;rEvEj6ra;;;;;rEvEjE;;rEvEjE;;;;;;rEvEj;;;;;;;;rEvEjô;rEvEj;;rEvEj;;rEvEj;;;;rEvEjE;;rEvEj;;;;
820;révolter;;;;;;;;;;;;;;;;;rEvOltE;;;;;;;;;;;;;;;;;;;;;;rEvOltE;;;;;;;
821;révéler;;;;;;;;;;;;;;;;;;;;;;;;;;;;;;;;rEvEl;;;;;;;;;;;;;;
822;rêver;;;;;;;;;;;;;;;;;;;;;;;;rEvâ;;;;;;;;;;;;;;;;rEvE;;;;;;
823;saborder;;;;;;;;;;;;;;;;;;;;;;;sabOrd;;;;;;;;;;;;;;;;;;;;;;;
824;saboter;;;;;;;;;;;;;;;;;;;;;;;;;;;;;;;;;sabOtE;;;;;;;;;;;;;
825;sacrer;;;;;;;;;;;;;;;;;;;;;;;;;;;;;;;;;;;;;;sakrE;;;;;;;;
826;saigner;;;;;;;;;;;;;;;;;;;;;;sEJE;sEJ;;;;;;;;;;;;;;;;;;;;;;;
827;saisir;;;;;;;;;;;;;;;;sEzisE;sEzir;;;;;;;;;;;;;;;;;;;;;;;;;;;;;
828;saler;;;;;;;;;;;;;;;;;;;;;;;sal;;;;;;;;;;;;;;;;;;;;;;;
829;salir;;;;;;;;;;;;;;;;;salir;;;;;;;;;;;;;;;;;;;sali;;;;;;;;;;
830;satisfaire;;;;;;;;;;;;;;;;;;;;;;;;;;;;;;;;;;;;;;;;satisfE;;;;;;
831;saurer;;;;;;;;;;;;;sOrjE;sOrE;;;;;;;;;;;;;;;;;;;;;;;;;;;;;;;;
832;sauter;;;;;;;;;;;;;;;sOtE;;sOtE;;;;;;sOt;sOtâ;;;;;;;;sOt;sOtE;;;;;;;sOtE;;;;;;
833;sauver;;;;;;sOv6rE;;;;;;;;;;;sOvE;;;;;;;;;;;sOv6rE;;;;sOv;;;;sOv;;;;sOvE;;;;;;
834;savoir;;;;sy;;;;sOra;;sOra;savjô;savE;savjE;savE;;savE;savwar;;;;;;saS;;;;;;;;;sE;savE;sE;sav;sE;;;;sy;;saS;;;;saS
835;savourer;;;;;;;;;;;;;;;;;;;;;;;;;;;;;;;;;;;;;;savurE;;;;;;;;
836;scier;;;;;;;;;;;;;;;;;;;;;;;;;;;;;;;;;;;;si;;;;;;;;;;
837;secouer;;;;s6kua;;;;;;;;;;;;;;;;;;;s6ku;;;;;;;;;;;;;;;s6kuE;;;;;;;;
838;sembler;;;;;;;;;;;;;;;sâblE;sâblE;;;;;;;sâbl;sâblâ;;;;;;sâbl6rE;;sâbl;sâblE;;sâbl;sâbl;;;;;;;;;;sâbl
839;sentir;sâti;;;sâti;;;;;;;;sâtE;;sâtE;sâtE;sâtE;sâtir;;;;;;sâ;;;;;;;;;sâ;sâtE;sâ;;sâ;;sâti;sâti;sâti;;;;;;
840;serrer;;;;;;;;;;;;;;;;sErE;;;;;;;;;;;;;;;;sEr;;;sEr;;;sErE;sErE;;;;;;;
841;servir;;;;;;;;;;;;;;;;;sErvir;;;;;sErvE;sEr;;;;;;;;;sEr;sErvE;;;;;;;sErvi;;;;;;
842;siffler;;;;;;;;;;;;;;;;;siflE;;;;;;;;;;;;;;;sifl;;;;;;;;;;;;;;
843;signaler;;;;;;;;;;;;;;;;;;;;;;;siJal;;;;;;;;;;;;;;;;;;;;;;;
844;signer;;;;;;siJ6rE;;;;;;;;;;;;;;;;;;;;;;;;;;;;;;siJ;;siJE;;siJE;;;;;;
845;signifier;;;;;;;;;;;;;;;siJifjE;siJifjE;;;;;;;;;;;;;;;;siJifi;;;;;;;;;;;;;;
846;siéger;;;;;;;;;;;;;;;;;;;;;;;;sjEZâ;;;;;;;;;;;;;;;;;;;;;;
847;sommeiller;;;;;;;;;;;;;;;;sOmEjE;;;;;;;;;;;;;;;;;;;;;;;;;;;;;;
848;sonder;;;;sôda;;;;;;;;;;;;;;;;;;;;;;;;;;;;;;;;;;;;;;;;;;
849;songer;;;;;;;;;;;;;;;;;;;;;;;;sôZâ;;;;;;;;sôZ;;;;;;;;;;;;;;sôZ
850;sonner;;;;;;;;;;;;;;;;;sOnE;;;;;;;;;;;;;;;;;;;sOn;;;;sOnE;;;;;;
851;sortir;sOrti;;;sOrti;;sOrtirE;;;;;;;;sOrtE;;sOrtE;sOrtir;;;;;;sOr;;;;;;;;;sOr;;sOr;sOrt;;;sOrti;sOrti;;;sOrt;;;;
852;soucier;;;;;;;;;;;;;;;;susjE;;;;;;;;;;;;;;;;;;;;;;;;;;;;;;
853;souffler;;;;sufla;;;;;;;;suflE;;;;;;;;;;;;;;;;;;;;;;;;;;;;;;;;;;
854;souffrir;;;;;;;;;;;;;;;;sufrE;sufrir;;;;;;;;;;;sufrirE;;;;;;;;;;;;;;;;;;
855;souhaiter;;;;;;;;;;;;;;;;;;;;;;;;suEtâ;;;;;;;;;;;;suEt;;;;;;suEt;;;;
856;soulever;;;;;;;;;;;;;;;;;sul6vE;;;;sul6vô;;;;;;;;;;;sulEv;;;;sulEv;;;;sul6vE;;;;;;
857;souligner;;;;;;;;;;;;;;;;;;;;;;;;;;;;;;suliJ6rE;;;;;;;;;;;;;;;;
858;soupirer;;;;supira;;;;;;;;;;;;;;;;;;;;;;;;;;;;supir;;;;;;;;;;;;;;
859;sourire;;;;suri;;;;;;;;;;;;surjE;;;;;;;suri;;;;;;;;;suri;;;;suri;;;;;;;;;;suri
860;souvenir;;;;;;;;;;;;;;;;;;;;;;suv6nE;suvjê;suv6nâ;;;;;;;;suvjê;suv6nE;suvjê;;;;;;;;;;suvjEn;;
861;subir;;;;;;;;;;;;;;;;;sybir;;;;;;;;;;;;;;;;;;;;;;;;;;;;;
862;sucer;;;;;;;;;;;;;;;;;sysE;;;;;;;;;;;;;;;;;;;sys;;;;;;;;sys;;
863;suffire;;;;syfi;;;;;;syfira;;;;;;;;;;;;;;;;;;;;;;;;;;syfi;;;;;;;;;;
864;suggérer;;;;;;;;;;;;;;;;;;;;;;;;;;;;;;;;;;;;;;;;;;syZEr;;;;
865;suivre;;;;sHivi;;;;;;;;;;;;;sHivr;;;;;sHivE;sHi;;;;;;;;;sHi;;;;sHi;;;;;;;;;;
866;supplier;;;;;;;;;;;;;;;;;;;;;;;sypli;;;;;;;;;;;;;;;;;;;;;;;
867;supporter;;;;;;;;;;sypOrt6ra;;;;;;;sypOrtE;;;;;;;;;;;;;;;sypOrt;;;;;;;;;;;;;;
868;supposer;;;;;;;;;;;;;;;;;;;;;;;sypOz;sypOzâ;;;;;;;;sypOz;;;;sypOz;;;;;;;;;;
869;surgir;;;;syrZi;;;;;;;;;;;;;syrZir;;;;;;;syrZisâ;;;;;;;;;;;;;;;;syrZi;;;;;;
870;surpasser;;;;;;;;;;syrpas6ra;;;;;;;;;;;;;;;;;;;;;;;;;;;;;;;;;;;;
871;surplomber;;;;;;;;;;;;;;;;syrplôbE;;;;;;;;;;;;;;;;;;;;;;;;;;;;;;
872;surprendre;syrpri;;;;;;;;;;;;;;;;;;;;;;;;;;;;;syrprâdrE;;;;;;;;syrpriz;;;;;;;;
873;sursauter;;;;;;;;;;;;;;;;;;;;;;;;;;;;;;;;;;;;syrsOt;;;;;;;;;;
874;surveiller;;;;;;;;;;;;;;;;;syrvEjE;;;;;;syrvEj;;;;;;;;;;;;;syrvEj;;;;;;;;;;syrvEj
875;survenir;;;;;;;;;;;;;;;;;;;;;;;;;;;;;;;;;;;;syrvjê;;;;;;;;;;
876;survivre;;;;;;;;;;;;;;;;;;;;;;;;;;;;;;;;syrvi;;;;;;;;;;;;;;
877;susciter;;;;;;;;;;;;;;;;;;;;;;;;;;;;;;;;;;;;sysit;;;;;;;;;;
878;suspendre;;;;;;;;;;;;;;;;;;;;;;;;;;;;;;;;;;;;syspâ;;;;;;;;;;
879;sécher;;;;;;;;;;;;;;;;;;;;;;;sES;;;;;;;;;sES;;;;;sESE;;;;;;;;;sES
880;sécuriser;;;;;;;;;;;;;;;;;;;;;;;;;;;;;;;;;;;;;;sEkyrizE;;;;;;;;
881;séparer;;;;;;;;;;;;;;;;;sEparE;;;;;;;;;;;;;;;;;;;;;sEparE;;;;;;;;
882;tabasser;;;;;;;;;;;;;;;;;;;;;;;;;;;;;;;;;;;;tabas;;;;;;;;;;
883;taire;;;tyr;;;;;;;;;;;;;tEzE;;;;;;;tE;;;;;;;;;tE;tEzE;tE;;;;;;;;tEz;;;;
884;taper;;;;;;;;;;;;;;;;;;;;;;tapE;;;;;;;;;;tap;;tap;;;;;;;;;;;;
885;tarabuster;;;;;;;;;;;;;;;;;;;;;;;;;;;;;;;;;;;;tarabyst;;;;;;;;;;
886;tarder;;;;;;;;;;;;;;;;;;;;;;;;;;;;;;;;tard;;;;;;;;;;;;;;
887;tasser;;;;;;;;;;;;;;;;;tasE;;;;;;;;;;;;;;;;;;;;;;;;;;;;;
888;tenailler;;;;;;;;;;;;;;;;t6najE;;;;;;;;;;;;;;;;;;;;;;;;;;;;;;
889;tendre;;;;;;;;;;;;;;;;tâdE;tâdr;;;;;;;;;;;;;;;;;;;;;;;;;;;;;
890;tenir;;;;;;;;;;;;;;t6nE;;;t6nir;;;;;t6nE;tjê;t6nâ;;tjêdrE;;;;;;tjê;t6nE;tjê;;tjê;t6ny;;;t6ny;;;;;;
891;tenter;;;;;;;;;;;;;;;;;;;;;;;;;;;;;;;;;;;;;;;;tâtE;;;;;;
892;terminer;;;;;;;;;;;;;;;;;;;;;;;;;;;;;;;;;;;;;;;;tErminE;;;;;;
893;terrifier;;;;;;;;;;;;;;;;;;;;;;;;;;;;;;;;;;;;;;;tErifjE;;;;;;;
894;terroriser;;;;;;;;;;;;;;;;;;;;;;;;;;;;;;;;;;;;;;tErOrizE;;;;;;;;
895;tester;;;;;;;;;;;;;;;;;;;;;;;;;;;;;;;;;;;;;;;;tEstE;;;;;;
896;tirer;;;;tira;;;;;;;;;;;;tirE;tirE;;;;;;tir;;;;;;;;tirô;tir;;;;tir;;;tirE;tirE;;tir;;;;tir
897;tisonner;;;;;;;;;;;;;;;;;;;;;;;;tizOnâ;;;;;;;;;;;;;;;;;;;;;;
898;tomber;;;;tôba;;;;;;;;tôbE;;;tôbE;;tôbE;;;tôba;;;tôb;;;;;;;;;tôb;;;;;;tôbE;;;;;;;;
899;tordre;;;;;;;;;;;;;;;;tOrdE;;;;;;;;;;;;;;;;;;;;;;;;;;;;;;
900;toucher;;;;;;;;;;;;;;;;;tuSE;;;;;tuSE;tuS;;;;;;;;;;;;;tuS;;;;tuSE;;tuS;;;;tuS
901;tourner;;;;turna;;;;;;;;;;;;turnE;turnE;;;;;turnE;turn;;;;;;;;;turn;;;;turn;;;;;;;;;turn;turn
902;tournoyer;;;;;;;;;;;;;;;;;turnwajE;;;;;;;;;;;;;;;;;;;;;;;;;;;;;
903;traduire;;;;;;;;;;;;tradHizE;;;;;tradHir;;;;;;;;;;;;;;;;;;;;;;;;;;;;;
904;trahir;;;;;;;;;;;;;;;;;;;;;;;;;;;;;;;;;;;trais;;;;;;;;;;;
905;traiter;;;;;;;;;;;;;;;;;trEtE;;;;;;trEt;;;;;;;;;;;;;;;trEtE;;trEtE;;;;;;trEt
906;trancher;;;;;;;;;;;;;;;;;;;;;;;trâS;;;;;;;;;;;;;;;;;;;;;;;
907;transformer;;;;;;;;;;;;;;;;;;;;;;;;;;;;;;;;;;;trâsfOrm;;;;;trâsfOrmE;;;;;;trâsfOrm
908;transférer;;;;;;;;;;;;;;;;;;;;;;;;;;;;;;;;;;;;;;;;trâsfErE;;;;;;
909;transplanter;;;;;;;;;;;;;;;;;trâsplâtE;;;;;;;;;;;;;;;;;;;;;;;;;;;;;
910;transporter;;;;;;;;;;;;;;;;trâspOrtE;;;;;;;;;;;;;;;;;;;;;;;;trâspOrtE;;;;;;
911;travailler;;;;;;travaj6rE;;;;;;travajE;;;;travajE;;;;;;travajE;travaj;;;;;;;;;travaj;;;;travaj;;;;;;;;;;travaj
912;traverser;;;;;;;;;;;;;;;;;travErsE;;;;;;;;;;;;;;;;;;travErs;;;;;;;;;;;
913;traîner;;;;;;;;;;;;;;;;trEnE;;;;;;;trEn;;;;;;;;;;;;;;;;;;;;;;;
914;trembler;;;;;;;;;;;;trâblE;;;;;trâblE;;;;;trâblE;;;;;;;;;;;;;;;;;;;;;;;;
915;tricher;;;;;;;;;;;;;;;;triSE;;;;;;;;;;;;;;;;;;;;;;;;;;;;;;
916;trier;;;;;;;;;;;;;;;;;;;;;;;;;;;;;;;;;;;;;;;;trjE;;;;;;
917;trinquer;;;;;;;;;;;;;;;;;;;;;;;trêk;;;;;;;;;;;;;;;;;;;;;;;
918;triompher;;;;triôfa;;;;;;;;;;;;triôfE;;;;;;;;;;;;;;;;triôf;;;;;;;;;;;;;;
919;tripoter;;;;;;;;;;;;;;;;;;;;;;;;;;;;;;;;;;;;tripOt;;;;;;;;;;
920;triturer;;;;;;;;;;;;;;;;;;;;;;;;;;;;;;;;;;;;;;;trityrE;;;;;;;
921;tromper;;;;;;;;;;;;;;;;;trôpE;;;;;trôpE;;;;;;;;;;;;;;trôp;;;trôpE;;;trôp;;;;
922;troubler;;;;;;;;;;;;;;;;;trublE;;;;;;;;;;;;;;;;;;;;;;;;;;;;;
923;trouver;truvE;;;truva;;truv6rE;;;;;;truvE;;truvE;;truvE;truvE;;;;truvô;truvE;truv;truvâ;;truv6rE;;;;;truvô;truv;truvE;truv;;truv;;;;truvE;;truv;;truv;;truv
924;truander;;;;;;;;;;;;;;;;;;;;;;;tryâd;;;;;;;;;;;;;;;;;;;;;;;
925;trôner;;;;;;;;;;;;;;;;trOnE;;;;;;;;;;;;;;;;;;;;;;;;;;;;;;
926;tuer;;;;;;tyrE;;;;;;;;;;;tyE;;;;;tyE;ty;;;tyrE;;;;;;ty;;;;ty;;;tyE;tyE;;ty;;;;ty
927;tâter;;;;;;;;;;;;;;;;;tatE;;;;;;;;;;;;;;;tat;;;;tat;;;;;;;;;;
928;téléphoner;;;;tElEfOna;;;;;;;;;;;;;tElEfOnE;;;;;;tElEfOn;;;;;;;;;;;;;tElEfOn;;;;;;;;;;
929;unir;;;;;;;;;;;;;;;;;ynir;;;;;;;;;;;;;;;yni;;;;;;;;;;;;;;
930;user;;;;;;;;;;;;;;;;;yzE;;;;;;;;;;;;;;;;;;;;;;;;;;;;;
931;utiliser;;;;;;;;;;;;ytilizE;;;;ytilizE;ytilizE;;;;;;ytiliz;;;;;;;;;;;;;;;;ytilizE;ytilizE;;;;;;ytiliz
932;vadrouiller;;;;;;;;;;;;;;;;;;;;;;;vadruj;;;;;;;;;;;;;;;;;;;;;;;
933;vaincre;;;;;;;;;;;;;;;;;vêkr;;;;;;;;;;;;;;;;;;;;;;;vêky;;;;;;
934;valdinguer;;;;;;;;;;;;;;;;;;;;;;;;;;;;;;;;;;;;valdêg;;;;;;;;;;
935;valoir;;;;;;;;;;;;;;;;;;;;;;;;;;;;;;;;;;;;vO;;;;;;vaj;;;;
936;varier;;;;;;;;;;;;;;;;;;;;;;;;varjâ;;;;;;;;;;;;;;;;;;;;;;
937;veiller;;;;;;;;;;;;;;;;vEjE;;;;;;vEjE;;;;;;;;;;;;;;;;;;;;;;;;
938;vendre;;;;;;;;;;;;;;;;;vâdr;;;;;;vâ;;;;;;;;;;;vâ;;;;;;;;;;;;
939;venger;;;;;;;;;;;;;;;;;;;;;;;;;;;;;;;;;;;;;;;;vâZE;;;;;;
940;venir;;;;;;vjêdrE;;;vjêdrô;;;v6nE;v6njE;;v6nE;v6nE;v6nir;;;;v6nô;v6nE;vjê;;;;;;;vjêdrE;v6nô;vjê;v6nE;vjê;vjEn;vjê;;v6ny;v6ny;v6ny;;vjEn;;;vjEn;
941;vernir;;;;;;;;;;;;;;;;;;;;;;;;;;;;;;;;;;;;;;;;vErni;;;;;;
942;verser;;;;;;;;;;;;;;;;;;;;;;;vErs;;;;;;;;;;;;;vErs;;;;;;;;;;
943;vexer;;;;;;;;;;;;;;;;;;;;;;;;;;;;;;;;vEks;;;;;;;;;;;;;;
944;vibrer;;;;;;;;;;;;;;;;;;;;;;;vibr;;;;;;;;;;;;;;;;;;;;;;;
945;vider;;;;;;;;;;;;;;;;;vidE;;;;;;;;;;;;;;;;;;;;;;;;;;;;;
946;vieillir;;;;vjEji;;;;;;;;;;;;;;;;;;;;vjEjisâ;;;;;;;;;;;;;;;;;;;;;;
947;virer;;;;;;;;;;;;;;;;;;;;;;;;;;;;;;;;;;;;;;;;virE;;;;;;
948;visiter;;;;vizita;;;;;;;;;;;;;vizitE;;;;;;vizit;vizitâ;;;;;;;;;;;;;;;;;;;;;;
949;vitrer;;;;;;;;;;;;;;;;;;;;;;;;;;;;;;;;;;;;;;vitrE;;;;;;;;
950;vivre;;;;;;;;;;;;;;vivE;;;vivr;;;;;;;;;;;;;;;vi;vivE;;;vi;;;;;;viv;;;viv;
951;voir;;vi;;vi;;;vErE;vEra;;;;vwajE;vwajE;;vwajE;vwajE;vwar;;;;vwajô;vwajE;vwa;;;;;;;;;vwa;vwajE;vwa;;vwa;vy;vy;vy;vy;;;;;vwa;vwa
952;voler;;;;;;;;;;;;;;;;;vOlE;;;;;;;;;;;;;;;vOl;;;vOl;;;;;vOlE;;;;;;vOl
953;vomir;;;;;;;;;;;;;;;;vOmisE;vOmir;;;;;;;;;;;;;;;;;;;;;;;;;;;;;
954;voter;;;;;;;;;;;;;;;;;vOtE;;;;;;;;;;;;;;;vOt;;;;;;;;vOtE;;;;;;
955;vouloir;;;;vuly;;;;;vudrô;;;vulE;vuljE;vulE;;vulE;vulwar;;;;;vulE;;;;vudrE;;vudrE;;;;v9;vulE;v9;v9l;v9;;;;vuly;vuljô;;;;;
956;voyager;;;;;;;;;;;;;;;;;vwajaZE;;;;;;;;;;;;;;;;;;;;;;;;;;;;;
957;vérifier;;;;;;;;;;;;;;;;;vErifjE;;;;;;;;;;;vErifirE;;;;vErifi;;;;;;;;;;;;;;vErifi
958;vêtir;;;;;;;;;;;;;;;;;;;;;;;;;;;;;;;;;;;;;;;vEty;;;;;;;
959;éblouir;;;;;;;;;;;;;;;;;;;;;;;;;;;;;;;;Eblui;;;;;;;;;;;;;;
960;ébranler;;;;;;;;;;;;;;;;;;;;;;;;;;;;;;;;;;;;;;EbrâlE;;;;;;;;
961;écarter;;;;;;;;;;;;;;;;;EkartE;;;;;;Ekart;Ekartâ;;;;;;;;;;;Ekart;Ekart;;;;;;;;;;
962;échanger;;;ESâZEr;;;;;;;;;;;;;;;;;;;;;;;;;;;ESâZ6rE;;;;;;;;;;;;;;;;
963;échapper;;;;ESapa;;;;;;;;;;;;;;;;;;;ESap;;;;;;;;;ESap;;;;;;;;;;;;;;ESap
964;éclaircir;;;;;;;;;;;;;;;;;;;;;;;;;;;;;;;;;;;;;EklErsi;;;;;;;;;
965;éclairer;;;;EklEra;;;;;;;;;;;;;EklErE;;;;;;;;;;;;;;;;;;;EklEr;;;;;;;;;;
966;éclater;;;;Eklata;;;;;;;;;;;;;;;;;;;;Eklatâ;;;;;;;;Eklat;;;;Eklat;;;;;;;;;;
967;écouter;;;;;;;;;;;;;;EkutE;;;;;;;;EkutE;Ekut;;;;;;;;;Ekut;;;;Ekut;;;;EkutE;;Ekut;;Ekut;;Ekut
968;écraser;;;;;;;;;;;;;;;;;;;;;;;;;;;;;;;;;EkrazE;;;;;;;;;;;;;Ekraz
969;écrire;;;;;;;;;;;;;;EkrivE;;;Ekrir;;;;;;;;;;;;;;;Ekri;;;;Ekri;;;;Ekri;;;;;;
970;égailler;;;;;;;;;;;;;;;;;;;;;;;;Egajâ;;;;;;;;;;;;;;;;;;;;;;
971;égaler;;;;;;;;;;;;;;;;;;;;;;;;;;;;;;;;Egal;;;;;;;;;;;;;;
972;égarer;;;;;;;;;;;;;;;;;;;;;;;;;;;;;;;;;;;;;;;;EgarE;;;;;;
973;élancer;;;;Elâsa;;;;;;;;;;;;;;;;;;;;;;;;;;;;;;;;Elâs;;;;;;;;;;
974;élever;;;;;;;;;;;;;;;;;El6vE;;;;;;;;;;;;;;;;;;ElEv;ElEv;;;;;;;;;;
975;élire;;;;;;;;;;;;;;;;;;;;;;;;;;;;;;;;;;;;;;;;Ely;;;;;;
976;éloigner;;;;ElwaJa;;;;;;;;;;;ElwaJE;;ElwaJE;;;;;;ElwaJ;;;;;;;;;ElwaJ;;;;;;;;;;;;;;
977;émacier;;;;;;;;;;;;;;;;;;;;;;;;;;;;;;;;;;;;;;;;EmasjE;;;;;;
978;émailler;;;;;;;;;;;;;;;;;;;;;;;;;;;;;;;;Emaj;;;;;;;;;;;;;;
979;émanciper;;;;;;;;;;;;;;;;;;;;;;;;;;;;;;;;;;;;;;;;EmâsipE;;;;;;
980;émerger;;;;;;;;;;;;;;;;;;;;;;;;;;;;;;;;;;;;EmErZ;;;;;;;;;;
981;émerveiller;;;;;;;;;;;;;;;;;;;;;;;;;;;;;;;;;;;;;EmErvEjE;;;EmErvEjE;;;;;;
982;émouvoir;;;;;;;;;;;;;;;;;;;;;;;;;;;;;;;;;;;;;;;;Emy;;;;;;
983;énerver;;;;;;;;;;;;;;;;;;;;;;;;;;;;;;;;EnErv;;EnErv;;;;;;;;;;;;
984;épargner;;;;;;;;;;;;;;;;;;;;;;;;;;;;;;;;EparJ;EparJE;;;EparJ;;;;;;;;;;
985;épater;;;;;;;;;;;;;;;;;;;;;;;;;;;;;;;;;;;;Epat;;;;;;;;;;
986;épier;;;;;;;;;;;;;;;;;;;;;;;;;;;;;;;;Epi;;;;;;;;;;;;;;
987;éponger;;;;;;;;;;;;;;;;;;;;;;;;;;;;;;;;;;;;EpôZ;;;;;;;;;;
988;épouser;;;;;;;;;;;;;;;EpuzE;;;;;;;;Epuz;;;;;;;;;Epuz;;;;;;EpuzE;;EpuzE;;;;;;
989;éprouver;;;;;;;;;;;;;;;;;EpruvE;;;;;;Epruv;;;;;;;;;;;;;;;;;EpruvE;;;;;;
990;épuiser;;;;;;;;;;;;;;;;;;;;;;;;;;;;;;;;EpHiz;;;;;;;;;;;;;;
991;érafler;;;;;;;;;;;;;;;;;;;;;;;;;;;;;;;;;;;;;;;;EraflE;;;;;;
992;établir;;;;;;;;;;;;;;;;;;;;;;;;;;;;;;;;;;Etabli;;;;;;;;;;;;
993;étaler;;;;;;;;;;;;;;;;;;;;;;;;;;;;;;;;;;;;Etal;;;;;;;;;;
994;éteindre;;;;;;;;;;;;;;;;;;;;;;;;;;;;;;EtêdrE;;;;Etê;;;;;;;;EtEJ;;;;
995;étendre;;;;Etâdi;;;;;;;;;;;;EtâdE;;;;;;;;;;;;;;;;;;;;;;;Etâdy;;;;;;;
996;étonner;;;;EtOna;;;;;;;;;;;;EtOnE;;;;;;;;;;;;;;EtOn6rE;;;;;;EtOn;;;;;;EtOn;;;;
997;étouffer;;;;;;;;;;;;;;;;;;;;;;;;;;;;;;;;;;;;Etuf;;;EtufE;;;;;;;
998;étrangler;;;;;;;;;;;;EtrâglE;;;;;;;;;;;;;;;;;;;;;;;;;;;;;;;;;;
999;étriper;;;;;;;;;;;;;;;;;;;;;;;;;;;;;;;;;;;;;;;;;;Etrip;;;;
1000;étudier;;;;;;;;;;;;;;;;;;;;;;;;;;;;;;;;;;;;Etydi;;;;;;;;;;
1001;éveiller;;;;;;;;;;;;;;;;;EvEjE;;;;;;;;;;;;;;;;;;;;;;;;;;;;;
1002;éviter;;;;;;;;;;;;;;;;EvitE;EvitE;;;;;;;Evitâ;;;;;;;;;;;;;;;;;;;;;;
1003;évoquer;;;;;;;;;;;;;;;;;;;;;;;;EvOkâ;;;;;;;;;;;;;;;;EvOkE;;;;;;
1004;être;;;;fy;s6rô;s6rE;s6rE;s6ra;s6rô;s6ra;Etjô;EtE;;EtE;EtE;EtE;Etr;fys;fys;fy;;swajE;swa;;;s6rE;;s6rE;s6rE;s6rE;sOm;sHi;Et;E;sô;E;;;;;;swa;;swa;swa;swa
1005;ôter;;;;;;;;;;;;;;;;;;;;;;;;;;;;;;;;Ot;;;;;;;;OtE;;;;;;
